mouse_num,mouse_group,n_cells,frac_immune,frac_t_cytotox,frac_t_helper,frac_t_reg,frac_macrophage,ratio_cd8_cd4,ratio_cd8_treg,ratio_cd4_treg,ratio_cd8_mac,frac_all_t_cytotox,frac_all_t_helper,frac_all_t_reg,frac_all_b,frac_all_tam,frac_all_alveolar_mac,frac_all_dc,frac_all_neutrophil,frac_all_nk_l,frac_all_nk_m,infilt_t_cytotox_inside,infilt_t_cytotox_cuff,infilt_t_cytotox_periphery,infilt_t_reg_inside,infilt_t_reg_cuff,infilt_t_reg_periphery,infilt_t_helper_inside,infilt_t_helper_cuff,infilt_t_helper_periphery,infilt_b_inside,infilt_b_cuff,infilt_b_periphery,cd8_dist_bin_-100,cd8_dist_bin_-90,cd8_dist_bin_-80,cd8_dist_bin_-70,cd8_dist_bin_-60,cd8_dist_bin_-50,cd8_dist_bin_-40,cd8_dist_bin_-30,cd8_dist_bin_-20,cd8_dist_bin_-10,cd8_dist_bin_0,cd8_dist_bin_10,cd8_dist_bin_20,cd8_dist_bin_30,cd8_dist_bin_40,cd8_dist_bin_50,cd8_dist_bin_60,cd8_dist_bin_70,cd8_dist_bin_80,cd8_dist_bin_90,cd8_dist_bin_100,cd8_dist_bin_110,cd8_dist_bin_120,cd8_dist_bin_130,cd8_dist_bin_140,cd8_dist_bin_150,cd8_dist_bin_160,cd8_dist_bin_170,cd8_dist_bin_180,cd8_dist_bin_190,frac_lymph_in_network,mean_network_size,n_networks
1059,1,333360,0.24522438204943606,0.24013820904117478,0.5837892312122085,0.09048373164411172,0.08558882810250504,0.41134401972872997,2.6539379474940334,6.45186953062848,2.805719091673675,0.04080833781866223,0.09920732005675979,0.015376522973039096,0.5211625972500856,0.014544698341243823,0.18653667368009003,0.08134755590350834,0.02358467485443069,0.014018691588785047,0.0034129275333953124,0.008393285371702638,0.007194244604316547,0.9844124700239808,0.03261734287987271,0.007955449482895784,0.9594272076372315,0.012700369913686806,0.007274969173859433,0.9800246609124538,0.001525678340061966,0.0017603980846868838,0.9967139235752511,0.0,0.0,0.0,0.0015037593984962407,0.0015037593984962407,0.0007518796992481203,0.0022556390977443606,0.006766917293233083,0.004511278195488721,0.0037593984962406013,0.005263157894736842,0.005263157894736842,0.0007518796992481203,0.004511278195488721,0.0022556390977443606,0.0015037593984962407,0.0022556390977443606,0.0015037593984962407,0.004511278195488721,0.0015037593984962407,0.0037593984962406013,0.0022556390977443606,0.004511278195488721,0.0037593984962406013,0.009774436090225564,0.0037593984962406013,0.005263157894736842,0.005263157894736842,0.0037593984962406013,0.007518796992481203,0.009022366065778291,9.843137254901961,51
1060,1,301899,0.2284075137711619,0.21428098736020118,0.6567401230891403,0.07160346767255642,0.057375421878102045,0.32627972591696897,2.9926062846580406,9.171903881700555,3.734717416378316,0.04695748013225825,0.14391786066477175,0.015691165380822554,0.4473577353674807,0.01257323510644469,0.19970705957422125,0.10038285283369106,0.02298567202273914,0.008556180752943907,0.0018707581646267184,0.0030883261272390363,0.0033971587399629403,0.993514515132798,0.013863216266173753,0.0073937153419593345,0.9787430683918669,0.005542120112857719,0.006045949214026602,0.9884119306731157,0.00058350622406639,0.0012642634854771785,0.9981522302904564,0.0,0.0,0.0,0.0,0.0,0.0,0.0014925373134328358,0.0014925373134328358,0.0037313432835820895,0.0007462686567164179,0.0007462686567164179,0.002238805970149254,0.0029850746268656717,0.002238805970149254,0.0,0.004477611940298508,0.0037313432835820895,0.0014925373134328358,0.0037313432835820895,0.005223880597014925,0.006716417910447761,0.005223880597014925,0.008208955223880599,0.0037313432835820895,0.007462686567164179,0.004477611940298508,0.006716417910447761,0.008955223880597015,0.004477611940298508,0.009701492537313432,0.047081522221236585,18.188034188034187,117
1061,1,343142,0.15798707240734156,0.3274424298064417,0.5158748374263638,0.060821666284140465,0.09586106648305409,0.6347323149933264,5.383647798742138,8.481761006289307,3.4158020750199523,0.07894931011584151,0.12438205563343908,0.014664649893012617,0.2803069431122261,0.023112963919427434,0.2844204235224673,0.14544750239799306,0.02813030325389213,0.018446100494355494,0.0021397476573452373,0.004205607476635514,0.0030373831775700934,0.9927570093457944,0.031446540880503145,0.005031446540880503,0.9635220125786164,0.010232834050126057,0.0044490582826635025,0.9853181076672104,0.0025006580679126085,0.001645169781521453,0.9958541721505659,0.0,0.0,0.0,0.0,0.0,0.0,0.002061855670103093,0.003092783505154639,0.007216494845360824,0.006185567010309278,0.002061855670103093,0.0,0.004123711340206186,0.004123711340206186,0.003092783505154639,0.002061855670103093,0.003092783505154639,0.002061855670103093,0.003092783505154639,0.009278350515463918,0.0010309278350515464,0.010309278350515464,0.006185567010309278,0.004123711340206186,0.005154639175257732,0.002061855670103093,0.0010309278350515464,0.007216494845360824,0.006185567010309278,0.005154639175257732,0.027504257051899017,11.523076923076923,65
1062,1,252696,0.1763146231044417,0.3028781147382654,0.560556306741356,0.09175197991114545,0.044813598609233146,0.5403170227429359,3.3010526315789472,6.109473684210526,6.758620689655173,0.07038649728419447,0.1302688871930691,0.021322440184944114,0.3229788571172061,0.010414328679804283,0.27113166045697357,0.12557795035238137,0.026686717241998472,0.020020649099968577,0.0012120123894599811,0.05133928571428571,0.024872448979591837,0.9237882653061225,0.10736842105263159,0.05368421052631579,0.8389473684210527,0.044968986905582355,0.03239145416953825,0.9226395589248794,0.008061153578874217,0.008408617095205004,0.9835302293259208,0.0,0.0,0.0014962593516209476,0.003990024937655861,0.002743142144638404,0.003740648379052369,0.007980049875311722,0.0072319201995012464,0.0072319201995012464,0.005735660847880299,0.004239401496259352,0.004239401496259352,0.0034912718204488775,0.003241895261845387,0.004239401496259352,0.0024937655860349127,0.003740648379052369,0.0024937655860349127,0.0024937655860349127,0.0012468827930174563,0.0012468827930174563,0.0022443890274314216,0.002743142144638404,0.0029925187032418953,0.002743142144638404,0.003241895261845387,0.002743142144638404,0.003241895261845387,0.0029925187032418953,0.003740648379052369,0.05420098846787479,15.022727272727273,88
1063,1,440414,0.3107258170721185,0.21013364664414746,0.6773094433837568,0.09061536202085475,0.021941547951241005,0.3102476256559261,2.318962722852512,7.474554294975689,9.576974564926372,0.05227697883783468,0.16850081842628317,0.02254325967496785,0.41696626914532914,0.00545861101367941,0.22386151058108267,0.09176604700105226,0.01055185315094119,0.005853209400210452,0.002221442768619198,0.15781381045568912,0.03899916130835896,0.8031870282359519,0.253160453808752,0.055105348460291734,0.6917341977309562,0.12099397198490829,0.033566069647426165,0.8454399583676655,0.024762972958763427,0.011601619319675434,0.9636354077215611,0.0010214504596527069,0.0008682328907048007,0.0021961184882533197,0.003830439223697651,0.004954034729315628,0.007814096016343208,0.008784473953013279,0.010163432073544433,0.01118488253319714,0.005107252298263534,0.0032175689479060263,0.0026046986721144022,0.0029111338100102145,0.002502553626149132,0.0030132788559754852,0.003319713993871297,0.0021450459652706845,0.002093973442288049,0.0021450459652706845,0.002093973442288049,0.0018386108273748725,0.0022982635342185904,0.0013789581205311543,0.001787538304392237,0.0016853932584269661,0.0014811031664964248,0.0021961184882533197,0.0015832482124616956,0.002093973442288049,0.0016853932584269661,0.09773237862304807,19.422319474835888,457
1064,1,392763,0.2896912387368464,0.3113928447377562,0.5798541160125044,0.0806182702327197,0.0281347690170198,0.537019288367078,3.862559241706161,7.192589401120207,11.067901234567902,0.07879240639831253,0.14672174371594304,0.0203990156442257,0.43487431886095973,0.007119001582000351,0.1944893654420812,0.10283881174195816,0.010608191246264722,0.0026894005976445773,0.0014677447706099491,0.1305075292805354,0.03000557724484105,0.8394868934746236,0.1994829814735028,0.03920723825937096,0.7613097802671263,0.0691266323229903,0.01982748292799808,0.9110458847490116,0.010064672594987873,0.005759902991107518,0.9841754244139046,0.0002506265664160401,0.0020050125313283208,0.002656641604010025,0.004360902255639097,0.005413533834586467,0.00781954887218045,0.010275689223057645,0.009924812030075189,0.009774436090225564,0.006165413533834587,0.0032080200501253134,0.002656641604010025,0.0022055137844611532,0.002907268170426065,0.002506265664160401,0.002355889724310777,0.002355889724310777,0.002756892230576441,0.002957393483709273,0.0016541353383458645,0.0022055137844611532,0.0014536340852130325,0.0014035087719298245,0.0016040100250626567,0.0016541353383458645,0.0016541353383458645,0.0018546365914786968,0.0015538847117794487,0.0010025062656641604,0.0014035087719298245,0.05500903692228247,13.925324675324676,308
1065,2,476390,0.20800814458741787,0.12872782181955456,0.46986284132377,0.26399899333081667,0.13741034352585882,0.2739689341189073,0.48760724499523356,1.7797902764537654,0.9368131868131868,0.030970906118494748,0.11304532106203263,0.06351609094486997,0.28596369067441696,0.03305985286548999,0.30204958977929824,0.12794041960582483,0.03294884603352406,0.006781508280100512,0.003723774635948049,0.08765070055392636,0.025089605734767026,0.8872596937113066,0.04258023514458214,0.017794725135049254,0.9396250397203686,0.06498839492947688,0.0144617032672737,0.9205499018032495,0.009281151850936937,0.006563856442107492,0.9841549917069555,0.0009140767824497258,0.0029250457038391227,0.002376599634369287,0.0034734917733089577,0.005850091407678245,0.00603290676416819,0.006215722120658135,0.008409506398537476,0.007129798903107861,0.005301645338208409,0.0016453382084095065,0.003290676416819013,0.0031078610603290677,0.002376599634369287,0.003656307129798903,0.0038391224862888485,0.0021937842778793418,0.0020109689213893968,0.0007312614259597807,0.0021937842778793418,0.002559414990859232,0.0020109689213893968,0.0021937842778793418,0.002742230347349177,0.002376599634369287,0.0029250457038391227,0.003290676416819013,0.003656307129798903,0.002559414990859232,0.0020109689213893968,0.07566152713590446,13.947368421052632,266
1066,2,535759,0.2677733831816171,0.22823419000866302,0.6622870343632689,0.08922899220329195,0.020249783424776204,0.3446152169173752,2.5578478964401294,7.422330097087379,11.270944741532977,0.04407438903681811,0.1278944947094004,0.017231043760717123,0.5911739694135032,0.003910443183560803,0.13923547699042255,0.04865399896836793,0.02189429953576557,0.005151189862123768,0.0007806945393205169,0.040803416099952555,0.019294638620907797,0.9399019452791396,0.08737864077669903,0.025485436893203883,0.8871359223300971,0.024689339437540876,0.008175277959450621,0.9671353826030085,0.004020704861397696,0.0021341571258445247,0.9938451380127578,0.0,0.00044117647058823526,0.00044117647058823526,0.001911764705882353,0.0011764705882352942,0.003823529411764706,0.006029411764705882,0.009705882352941175,0.008088235294117648,0.006323529411764705,0.003529411764705882,0.0029411764705882353,0.003970588235294118,0.003823529411764706,0.003676470588235294,0.0029411764705882353,0.0030882352941176473,0.0023529411764705885,0.0026470588235294116,0.0022058823529411764,0.0026470588235294116,0.0025,0.0029411764705882353,0.0023529411764705885,0.0023529411764705885,0.0029411764705882353,0.004117647058823529,0.004852941176470588,0.003970588235294118,0.0022058823529411764,0.00815513514479161,10.882352941176471,85
1067,2,483369,0.25815888068949394,0.27735825309923856,0.6060348625007866,0.05644704549745139,0.06015983890252344,0.45766055760344737,4.913600891861761,10.736343366778149,4.610355648535565,0.07064093728463129,0.15435225105380412,0.014376612761046912,0.38336832657509656,0.015322231660602953,0.1785136153094097,0.10692705912522238,0.058700495247864345,0.01678072860737583,0.0010177423749459073,0.11945547362450369,0.02257515598411798,0.8579693703913783,0.12263099219620958,0.021181716833890748,0.8561872909698997,0.06697471574684596,0.016925393281761073,0.916099890971393,0.017266247204163965,0.004661468676184703,0.9780722841196513,0.0014790996784565915,0.00180064308681672,0.004437299035369775,0.0057234726688102896,0.00797427652733119,0.00797427652733119,0.01112540192926045,0.009967845659163987,0.011061093247588425,0.005273311897106109,0.0030868167202572345,0.002572347266881029,0.0022508038585209,0.002508038585209003,0.002379421221864952,0.0015434083601286173,0.0010932475884244373,0.001414790996784566,0.0017363344051446947,0.0012218649517684887,0.00090032154340836,0.001607717041800643,0.0012861736334405145,0.0006430868167202572,0.0010932475884244373,0.0014790996784565915,0.001414790996784566,0.0012861736334405145,0.0017363344051446947,0.0019292604501607716,0.05196309307802185,16.703703703703702,243
1068,2,219844,0.11849311329852077,0.2905745300503045,0.5472597299444003,0.0804871591209955,0.0816785808842997,0.53096274794388,3.6101973684210527,6.7993421052631575,3.5575364667747165,0.08426103646833014,0.15869481765834934,0.023339731285988485,0.18798464491362765,0.0236852207293666,0.3020729366602687,0.15259117082533588,0.03401151631477927,0.031708253358925145,0.0016506717850287907,0.00592255125284738,0.007289293849658315,0.9867881548974943,0.009868421052631578,0.003289473684210526,0.9868421052631579,0.006531204644412192,0.00362844702467344,0.9898403483309144,0.004084133142740453,0.005105166428425566,0.990810700428834,0.0,0.0,0.0,0.0018181818181818182,0.0036363636363636364,0.005454545454545454,0.0018181818181818182,0.0036363636363636364,0.0036363636363636364,0.0036363636363636364,0.007272727272727273,0.005454545454545454,0.014545454545454545,0.0018181818181818182,0.0,0.0,0.0,0.0036363636363636364,0.0,0.0018181818181818182,0.007272727272727273,0.0036363636363636364,0.005454545454545454,0.0036363636363636364,0.0018181818181818182,0.0036363636363636364,0.007272727272727273,0.0,0.0036363636363636364,0.005454545454545454,0.023660638837248605,8.028571428571428,35
1069,2,288573,0.1455957418053664,0.2673509286412512,0.6147884373690825,0.06367825722664433,0.05418237676302193,0.43486655309483246,4.198464912280702,9.654605263157896,4.934278350515464,0.09113411876710699,0.20956801142449125,0.02170653338093538,0.22006426276329882,0.01846959419255028,0.2585981197191479,0.14335356420326073,0.019802451505414733,0.015803879566821374,0.0014994644769725097,0.09454165578480021,0.03264559937320449,0.8728127448419953,0.24780701754385964,0.051535087719298246,0.7006578947368421,0.09812606473594548,0.02975582055650199,0.8721181147075525,0.018602638979017955,0.009950248756218905,0.9714471122647631,0.0,0.0,0.00012804097311139566,0.00038412291933418694,0.0029449423815620995,0.0046094750320102434,0.005889884763124199,0.010243277848911651,0.013444302176696543,0.008706786171574903,0.0038412291933418692,0.003201024327784891,0.0043533930857874515,0.0030729833546734955,0.0015364916773367477,0.0023047375160051217,0.003329065300896287,0.0029449423815620995,0.0023047375160051217,0.0011523687580025609,0.0016645326504481435,0.0016645326504481435,0.002688860435339309,0.003201024327784891,0.0023047375160051217,0.0024327784891165173,0.002688860435339309,0.0034571062740076826,0.0030729833546734955,0.0024327784891165173,0.09384871884871884,13.878205128205128,156
1070,2,460183,0.2388984382300085,0.2916193074183527,0.5833522770326589,0.0638402667272865,0.0611881488217019,0.49990257842436836,4.567952522255193,9.137685459940652,4.765944272445821,0.07001282552734749,0.14005293941075342,0.015326959986173899,0.48203971365418374,0.014690231678142936,0.16856927149185444,0.08050974649117222,0.015745381445737103,0.011533878494046591,0.001519051820588155,0.17838118747563986,0.02832272313888528,0.7932960893854749,0.27181008902077153,0.0599406528189911,0.6682492581602374,0.12346561018380203,0.02409560303955316,0.8524387867766448,0.021549609389742236,0.0056421481677171,0.9728082424425407,0.002538370720188902,0.003246753246753247,0.00460448642266824,0.0047815820543093265,0.008677685950413223,0.008795749704840615,0.011216056670602124,0.013400236127508854,0.010212514757969304,0.0069067296340023605,0.004545454545454545,0.002656434474616293,0.002420306965761511,0.001948051948051948,0.0012987012987012987,0.0015938606847697757,0.0008264462809917355,0.0014167650531286893,0.0010035419126328217,0.0010035419126328217,0.0007083825265643447,0.0007674144037780402,0.0005903187721369539,0.0005903187721369539,0.0006493506493506494,0.0008264462809917355,0.0007674144037780402,0.0008264462809917355,0.00029515938606847696,0.0008854781582054309,0.04268833656924639,12.778625954198473,262
1079,3,363940,0.2050475353080178,0.16752710376871452,0.6208053691275168,0.13797108931337118,0.07369643779039753,0.26985446985446987,1.2142188961646398,4.499532273152479,2.273204903677758,0.03478726968174204,0.12891122278056952,0.028649916247906197,0.31782914572864324,0.015303182579564489,0.2997922948073702,0.11186599664991624,0.05180569514237856,0.008509212730318258,0.00254606365159129,0.1810477657935285,0.05084745762711865,0.7681047765793528,0.29653882132834425,0.05753040224508887,0.6459307764265669,0.10488565488565489,0.03388773388773389,0.8612266112266113,0.02458048739354077,0.016527531832363607,0.9588919807740957,0.0015240328253223916,0.0017584994138335288,0.0022274325908558028,0.0036342321219226263,0.003165298944900352,0.006799531066822978,0.007502930832356389,0.010199296600234466,0.009378663540445486,0.00738569753810082,0.004103165298944901,0.002579132473622509,0.0035169988276670576,0.0032825322391559202,0.001992966002344666,0.00246189917936694,0.002813599062133646,0.0030480656506447833,0.0018757327080890973,0.001992966002344666,0.0016412661195779601,0.001406799531066823,0.0021101992966002345,0.0022274325908558028,0.001406799531066823,0.001992966002344666,0.0018757327080890973,0.0022274325908558028,0.0018757327080890973,0.001992966002344666,0.06117356587518386,13.810650887573965,169
1080,3,354189,0.290889892119744,0.1723936532658425,0.6513189915311983,0.14027061228462961,0.036016742918329604,0.26468390375130774,1.2290076335877862,4.643303261623872,4.786486486486487,0.03437833640687178,0.1298844996602931,0.027972435213044745,0.3450451324856838,0.007182374065806076,0.30441618945938076,0.11864505483839659,0.021411239444821897,0.008230612442977774,0.0028341259827234784,0.1945228684359119,0.04291360813099943,0.7625635234330886,0.25746009715475365,0.07251908396946564,0.6700208188757807,0.10656105215961739,0.04042743984456733,0.8530115079958153,0.025344585091420534,0.012770745428973277,0.9618846694796062,0.0011807447774750228,0.0019981834695731154,0.0023614895549500456,0.0038147138964577656,0.005722070844686648,0.006267029972752044,0.010717529518619437,0.010354223433242507,0.0111716621253406,0.0067211625794732065,0.0032697547683923707,0.0030881017257039056,0.002997275204359673,0.0025431425976385103,0.0019073569482288828,0.002270663033605813,0.0015440508628519528,0.0012715712988192551,0.0013623978201634877,0.0017257039055404177,0.0017257039055404177,0.0018165304268846503,0.0011807447774750228,0.0015440508628519528,0.0018165304268846503,0.002815622161671208,0.0016348773841961854,0.0012715712988192551,0.0019073569482288828,0.0019981834695731154,0.050473300093937426,15.3224043715847,183
1081,3,418710,0.28088653244489026,0.2561591914087176,0.5778584965255843,0.1436197094125079,0.022362602653190147,0.4432905165345723,1.7835935781834176,4.023531999120299,11.454802259887005,0.06895672136723068,0.15555650029759374,0.03866167842870504,0.31377433891675877,0.006019896267324207,0.26685655981634215,0.12611172519343594,0.016376158489924325,0.005892356092169033,0.0017940651305161125,0.2689272503082614,0.081134401972873,0.6499383477188656,0.27886518583681547,0.0851110622388388,0.6360237519243457,0.14900245968843948,0.05854058485925116,0.7924569554523093,0.04408855648592255,0.029211717204563316,0.9266997263095141,0.0012615859938208034,0.002214212152420185,0.002085478887744593,0.003553038105046344,0.0048403707518022655,0.006385169927909372,0.007775489186405767,0.008985581874356333,0.01004119464469619,0.00723480947476828,0.004608650875386199,0.0028836251287332644,0.003553038105046344,0.003321318228630278,0.0025746652935118436,0.0024201853759011327,0.0024201853759011327,0.0023429454170957775,0.0018795056642636457,0.002445932028836251,0.001956745623069001,0.0016220391349124612,0.0019824922760041195,0.0015705458290422244,0.0018280123583934089,0.0021112255406797115,0.001364572605561277,0.0014418125643666322,0.0018795056642636457,0.0014160659114315138,0.12724191290251272,19.9632183908046,435
1082,3,418280,0.27589891938414457,0.18080308271664405,0.6656741253229408,0.13530673906379997,0.018216052896615143,0.27160899881594525,1.3362459546925567,4.919741100323624,9.92548076923077,0.035778965884769025,0.13172967773801375,0.02677573373309186,0.4644939906241605,0.0036047589750699723,0.21878980615755222,0.09409634064972315,0.015502196650000433,0.007564794676048283,0.0016637349115707564,0.10656333252603536,0.04262533301041414,0.8508113344635505,0.13333333333333333,0.07281553398058252,0.7938511326860841,0.05709775029601368,0.02894356005788712,0.9139586896460992,0.008096410715618237,0.007238265801059622,0.9846653234833221,0.00031914893617021275,0.0009574468085106384,0.0024468085106382977,0.00351063829787234,0.003297872340425532,0.004574468085106383,0.0054255319148936165,0.007978723404255319,0.010319148936170213,0.007872340425531916,0.004361702127659574,0.003085106382978723,0.004574468085106383,0.003617021276595745,0.003085106382978723,0.002553191489361702,0.0027659574468085106,0.002127659574468085,0.002021276595744681,0.0017021276595744683,0.0018085106382978724,0.0014893617021276594,0.0024468085106382977,0.002978723404255319,0.002872340425531915,0.002021276595744681,0.0026595744680851063,0.002872340425531915,0.002127659574468085,0.002127659574468085,0.05114107201578428,20.077319587628867,194
1083,3,507823,0.30860949582827085,0.21516146866564767,0.6096458421412079,0.13896386874369898,0.03622882044944551,0.35292862477328496,1.548326702550901,4.3870816756377256,5.938958707360862,0.042215685398707244,0.11961536252783644,0.02726536029453991,0.4152846815000096,0.007108263835272048,0.22239166916583183,0.09007842061268895,0.06354047690452339,0.009794600527057983,0.0027054792335326283,0.12182587666263603,0.05169286577992745,0.8264812575574365,0.25579218347765037,0.08073952726421718,0.6634682892581325,0.16915608663181478,0.054571641950282725,0.7762722714179024,0.061183411950893475,0.03163652566722493,0.9071800623818816,0.0006042296072507553,0.0012084592145015106,0.0018126888217522659,0.0027693856998992953,0.0030211480362537764,0.004833836858006042,0.003927492447129909,0.005438066465256798,0.00795568982880161,0.006797583081570997,0.003826787512588117,0.003826787512588117,0.0025176233635448137,0.003826787512588117,0.0032225579053373615,0.0024672708962739176,0.0030211480362537764,0.0033736153071500506,0.0026686807653575023,0.003977844914400805,0.0027693856998992953,0.002366565961732125,0.003323262839879154,0.0026183282980866062,0.0033736153071500506,0.0022658610271903325,0.003272910372608258,0.0024672708962739176,0.0036253776435045317,0.0028197381671701913,0.09717265989569036,19.896551724137932,464
1084,3,430941,0.2310339466423478,0.23921045366706542,0.5944602926290604,0.13080887089353088,0.03552038281034324,0.4023993808049536,1.8287020752725993,4.5444952514949,6.734455958549223,0.05221871798477331,0.12976838552861533,0.02855507121190816,0.3106908258170788,0.0077539623551154055,0.27223237781482895,0.12978847351399128,0.0509029549426488,0.013037102508989373,0.005052128322050582,0.16118484323908444,0.06135795345258704,0.7774572033083286,0.16074569117129792,0.11818501582835034,0.7210692930003517,0.08753869969040248,0.07321981424148606,0.8392414860681114,0.015517408592765009,0.01648724662981282,0.9679953447774222,0.0002920560747663551,0.0009345794392523365,0.0017523364485981308,0.0031542056074766356,0.0033878504672897195,0.006133177570093458,0.005957943925233644,0.010046728971962616,0.00911214953271028,0.0076518691588785045,0.004672897196261682,0.0035046728971962616,0.003621495327102804,0.0031542056074766356,0.0036799065420560747,0.0016939252336448597,0.0025700934579439253,0.0027453271028037383,0.002628504672897196,0.0027453271028037383,0.002336448598130841,0.002336448598130841,0.0019275700934579438,0.0017523364485981308,0.002394859813084112,0.0016939252336448597,0.002102803738317757,0.00227803738317757,0.0020443925233644858,0.0016939252336448597,0.09711918296560362,16.29903536977492,311
1085,4,499751,0.30416947639924685,0.21388748099341104,0.6378780199358,0.12897448893394153,0.01926001013684744,0.33531094395592753,1.6583704479958081,4.945768928477862,11.105263157894736,0.041642271181311634,0.12419001506489748,0.0251103553079094,0.40910077692768193,0.0037497779736726114,0.2796413370260971,0.10031642863251518,0.0070719496871895745,0.00814425461650297,0.0010328335822221053,0.21248025276461296,0.08783570300157978,0.6996840442338073,0.2517684045061567,0.18286612522923762,0.5653654702646057,0.10684394533319208,0.07908676766606632,0.8140692870007417,0.011561902005242253,0.022577065946258863,0.9658610320484989,0.0007399186089530152,0.001072881982981872,0.001997780244173141,0.002478727339992601,0.004106548279689234,0.005253422123566408,0.006400295967443581,0.008213096559378468,0.010839807621161672,0.0073621901590825,0.00436551979282279,0.004476507584165742,0.004180540140584536,0.004106548279689234,0.003440621531631521,0.0028856825749167593,0.0027376988531261563,0.0024047354790972995,0.0019237883832778394,0.0019237883832778394,0.0022197558268590455,0.001997780244173141,0.0024047354790972995,0.0018867924528301885,0.0019237883832778394,0.001997780244173141,0.001997780244173141,0.001220865704772475,0.001849796522382538,0.0015908250092489826,0.05813927991930886,19.865671641791046,268
1086,4,537415,0.24488895918424308,0.25316133720930234,0.6017441860465116,0.12227470930232558,0.022819767441860466,0.4207125603864734,2.070430906389302,4.921248142644874,11.093949044585987,0.052937913636812634,0.12582917322026943,0.025568548785398954,0.3928058537919715,0.004771782655937754,0.24264666773043986,0.08631759708830078,0.05126627003122934,0.015911007773142766,0.001945185286496919,0.1786995837519736,0.06301133917037462,0.7582890770776518,0.2986627043090639,0.08528974739970283,0.6160475482912333,0.1143719806763285,0.04849033816425121,0.8371376811594203,0.02543717115444135,0.02284509439801919,0.9517177344475395,0.0010085917071348525,0.0016809861785580874,0.002054538662682107,0.0029137093761673516,0.004183787822189017,0.005752708255509899,0.006948076204706762,0.007097497198356369,0.0075457601793051925,0.005229734777736272,0.004109077325364214,0.003474038102353381,0.0034366828539409786,0.0029137093761673516,0.002465446395218528,0.0028016436309301457,0.0028389988793425477,0.00250280164363093,0.0023160254015689207,0.002428091146806126,0.0028763541277549497,0.002652222637280538,0.0028016436309301457,0.0028016436309301457,0.002614867388868136,0.002540156892043332,0.0027642883825177438,0.0029137093761673516,0.002203959656331715,0.002129249159506911,0.04765358578917901,15.789915966386555,238
1087,4,369552,0.20356539810364982,0.23618593563766388,0.6924910607866508,0.05830750893921335,0.01301549463647199,0.3410671256454389,4.050695012264923,11.87653311529027,18.146520146520146,0.06585313978837667,0.19307970436539587,0.01625724464295209,0.3398335726059446,0.003628967937470091,0.2365475620779497,0.13272983463603977,0.010222257670016483,0.001581857818897219,0.00026585845695751583,0.06923698021800566,0.020185708518368994,0.9105773112636254,0.11774325429272281,0.06295993458708095,0.8192968111201963,0.05067125645438898,0.02740103270223752,0.9219277108433735,0.003442206141208684,0.006454136514766282,0.9901036573440251,0.0002911208151382824,0.001455604075691412,0.0011644832605531296,0.00363901018922853,0.004366812227074236,0.006259097525473071,0.0066957787481804944,0.008733624454148471,0.009461426491994178,0.007132459970887919,0.0033478893740902472,0.003930131004366812,0.0027656477438136825,0.0026200873362445414,0.0018922852983988356,0.0027656477438136825,0.002183406113537118,0.0016011644832605533,0.001455604075691412,0.0024745269286754004,0.0027656477438136825,0.002183406113537118,0.0026200873362445414,0.002183406113537118,0.0018922852983988356,0.00363901018922853,0.002911208151382824,0.0018922852983988356,0.0016011644832605533,0.0040756914119359534,0.06075604642617848,16.92814371257485,167
1088,4,464952,0.26289165333195685,0.15082028921860785,0.7242071583173876,0.11164089212334138,0.013331660340663132,0.2082557283319617,1.3509412756392245,6.486934532171959,11.312941176470588,0.03933503501538059,0.18887852608154984,0.029116761568165457,0.3340369134105635,0.0034769945677073106,0.2739953530990248,0.10374533673669743,0.014366123437397736,0.011600890110609333,0.0014480659729039858,0.12687188019966722,0.0709234608985025,0.8022046589018302,0.2051137960101152,0.14470356841809498,0.6501826355717898,0.10083596829384502,0.06674752024949106,0.832416511456664,0.015307372030369826,0.02120989468528043,0.9634827332843497,0.00032133676092544985,0.0007069408740359897,0.0014781491002570694,0.001992287917737789,0.002442159383033419,0.0036632390745501286,0.0050771208226221085,0.007005141388174808,0.008740359897172235,0.007519280205655526,0.005012853470437018,0.004048843187660668,0.004627249357326478,0.004627249357326478,0.0035989717223650383,0.0029562982005141387,0.0032776349614395883,0.0034061696658097686,0.0030848329048843185,0.002699228791773779,0.002763496143958869,0.003920308483290488,0.0026349614395886887,0.002249357326478149,0.0016066838046272494,0.0017994858611825191,0.0019280205655526992,0.0018637532133676093,0.002313624678663239,0.0026349614395886887,0.05850534004759006,15.081560283687944,282
1089,4,436063,0.23911223836922646,0.15228980397095243,0.5822104688746169,0.23871888511102715,0.026780842043403433,0.26157173756308577,0.6379461930719185,2.4388957270968876,5.686520376175548,0.034794951471208806,0.13302259561898186,0.05454214140484137,0.44013503663636017,0.006118847585069245,0.2041470057927648,0.08792726435723329,0.028321249088886332,0.009792074270149997,0.0011988337745041623,0.2657111356119074,0.058710033076074974,0.6755788313120177,0.1424301037453842,0.0865131000527519,0.7710567962018638,0.16943042537851477,0.04801730353280462,0.7825522710886806,0.05935675063191842,0.021049420378279438,0.9195938289898021,0.0006711409395973154,0.001610738255033557,0.002080536912751678,0.00261744966442953,0.0050335570469798654,0.00738255033557047,0.008791946308724832,0.010671140939597316,0.0138255033557047,0.010335570469798657,0.003825503355704698,0.0029530201342281882,0.0030201342281879194,0.002348993288590604,0.0021476510067114096,0.002080536912751678,0.0013422818791946308,0.0013422818791946308,0.0020134228187919465,0.0010738255033557048,0.001610738255033557,0.0014093959731543626,0.0018791946308724832,0.0012751677852348992,0.0011409395973154361,0.0014765100671140941,0.0014765100671140941,0.0014765100671140941,0.0014765100671140941,0.001610738255033557,0.0877137107865136,18.888198757763973,322
1090,4,383879,0.2040382516365834,0.23650319390068,0.638574077889965,0.0951473315474964,0.029775396661858643,0.3703614069054534,2.4856524093123986,6.71142393069843,7.942906574394463,0.05861399790618696,0.1582616244925057,0.023580930980772668,0.3781885963792355,0.007379414243035518,0.21900773689451777,0.1169726527589817,0.021678625233000536,0.013660853356484436,0.002655567755279218,0.09148333696362448,0.04160313657155304,0.8669135264648224,0.1705468327016784,0.10665944775311316,0.7227937195452084,0.08873830267828332,0.05388835108099387,0.8573733462407228,0.029505097562622377,0.01694686381743299,0.9535480386199446,0.00021276595744680854,0.0007446808510638297,0.0010638297872340426,0.0019148936170212767,0.003085106382978723,0.004893617021276595,0.005851063829787234,0.00851063829787234,0.009893617021276597,0.00851063829787234,0.00574468085106383,0.0038297872340425534,0.004042553191489362,0.0031914893617021275,0.00351063829787234,0.0034042553191489366,0.002978723404255319,0.002872340425531915,0.0026595744680851063,0.0019148936170212767,0.0018085106382978724,0.002021276595744681,0.0018085106382978724,0.002127659574468085,0.002340425531914894,0.001276595744680851,0.0027659574468085106,0.002340425531914894,0.0022340425531914895,0.0024468085106382977,0.09245501073138518,17.96414342629482,251
