cd8_base_kill,cd8_exhaustion_rate,pd_l1_penalty,macrophage_suppr_base,suppressive_background,tumor_proliferation_rate,snapshot_tick,seed,sample_idx,group,interventions,distance,sim_frac_t_cytotox,sim_frac_t_helper,sim_frac_t_reg,sim_frac_macrophage,sim_ratio_cd8_cd4,sim_ratio_cd8_treg,sim_ratio_cd4_treg,sim_ratio_cd8_mac,sim_frac_tumor,sim_infilt_t_cytotox_inside,sim_infilt_t_cytotox_cuff,sim_infilt_t_cytotox_periphery,sim_infilt_t_helper_inside,sim_infilt_t_helper_cuff,sim_infilt_t_helper_periphery,sim_infilt_t_reg_inside,sim_infilt_t_reg_cuff,sim_infilt_t_reg_periphery,sim_cd8_mean_dist_to_tumor,sim_cd8_median_dist_to_tumor,sim_cd8_frac_within_5,sim_final_tumor_count,sim_final_cd8_count,mean_distance
0.24240106233406927,0.021420199002293264,0.3986794787760779,0.4127467997725305,0.11039256908404305,0.012264396043365475,169,410003,41,3,CTLA4,79.44025035395377,0.445859872611465,0.3184713375796178,0.07643312101910828,0.1592356687898089,1.4,5.833333333333333,4.166666666666667,2.8,0.1839581517000872,0.015714285714285715,0.2671428571428571,0.7171428571428572,0.01,0.152,0.838,0.0,0.0,1.0,14.571266640770737,10.524937810560445,0.40285714285714286,422,700,41.30911533208042
0.24240106233406927,0.021420199002293264,0.3986794787760779,0.4127467997725305,0.11039256908404305,0.012264396043365475,169,410001,41,1,none,22.64643043870447,0.445859872611465,0.3184713375796178,0.07643312101910828,0.1592356687898089,1.4,5.833333333333333,4.166666666666667,2.8,0.15865168539325844,0.008571428571428572,0.18857142857142858,0.8028571428571428,0.002,0.136,0.862,0.0,0.0,1.0,15.28038954048342,7.0710678118654755,0.3628571428571429,353,700,41.30911533208042
0.24240106233406927,0.021420199002293264,0.3986794787760779,0.4127467997725305,0.11039256908404305,0.012264396043365475,169,410004,41,4,"PD1,CTLA4",52.691859661722326,0.445859872611465,0.3184713375796178,0.07643312101910828,0.1592356687898089,1.4,5.833333333333333,4.166666666666667,2.8,0.003194888178913738,0.0014285714285714286,0.005714285714285714,0.9928571428571429,0.002,0.0,0.998,0.0,0.0,1.0,24.133174736310238,23.93727259134088,0.10714285714285714,6,700,41.30911533208042
0.24240106233406927,0.021420199002293264,0.3986794787760779,0.4127467997725305,0.11039256908404305,0.012264396043365475,169,410002,41,2,PD1,10.457920873941102,0.445859872611465,0.3184713375796178,0.07643312101910828,0.1592356687898089,1.4,5.833333333333333,4.166666666666667,2.8,0.008999470619375331,0.024285714285714285,0.037142857142857144,0.9385714285714286,0.006,0.018,0.976,0.0,0.0,1.0,21.20751865608124,18.027756377319946,0.16857142857142857,17,700,41.30911533208042
0.29358355669561725,0.022348734384325608,0.46566173186935855,0.313358435996104,0.05585586576323147,0.021790874223106667,82,4,0,4,"PD1,CTLA4",51.04362479665202,0.445859872611465,0.3184713375796178,0.07643312101910828,0.1592356687898089,1.4,5.833333333333333,4.166666666666667,2.8,0.04878048780487805,0.012857142857142857,0.07571428571428572,0.9114285714285715,0.002,0.052,0.946,0.0,0.0,1.0,19.78017022108691,19.170178618107073,0.2814285714285714,96,700,43.74167291183604
0.29358355669561725,0.022348734384325608,0.46566173186935855,0.313358435996104,0.05585586576323147,0.021790874223106667,82,2,0,2,PD1,14.578880678631062,0.445859872611465,0.3184713375796178,0.07643312101910828,0.1592356687898089,1.4,5.833333333333333,4.166666666666667,2.8,0.05976896032144651,0.007142857142857143,0.08857142857142856,0.9042857142857142,0.006,0.038,0.956,0.0,0.0,1.0,19.881185669517837,20.0,0.2742857142857143,119,700,43.74167291183604
0.29358355669561725,0.022348734384325608,0.46566173186935855,0.313358435996104,0.05585586576323147,0.021790874223106667,82,3,0,3,CTLA4,76.88868732991155,0.445859872611465,0.3184713375796178,0.07643312101910828,0.1592356687898089,1.4,5.833333333333333,4.166666666666667,2.8,0.1878524945770065,0.02142857142857143,0.24142857142857144,0.7371428571428571,0.004,0.168,0.828,0.0,0.0,1.0,15.107248451242299,11.40175425099138,0.37857142857142856,433,700,43.74167291183604
0.29358355669561725,0.022348734384325608,0.46566173186935855,0.313358435996104,0.05585586576323147,0.021790874223106667,82,1,0,1,none,32.45549884214953,0.445859872611465,0.3184713375796178,0.07643312101910828,0.1592356687898089,1.4,5.833333333333333,4.166666666666667,2.8,0.19483870967741934,0.011428571428571429,0.25857142857142856,0.73,0.002,0.146,0.852,0.0,0.0,1.0,14.933745835563395,11.180339887498949,0.3871428571428571,453,700,43.74167291183604
0.28345184166518034,0.025593864471340086,0.3417786233579895,0.23672572661118305,0.09318063964637531,0.04438968420648345,120,470002,47,2,PD1,15.264289699237725,0.445859872611465,0.3184713375796178,0.07643312101910828,0.1592356687898089,1.4,5.833333333333333,4.166666666666667,2.8,0.060240963855421686,0.008571428571428572,0.09,0.9014285714285715,0.0,0.05,0.95,0.0,0.0,1.0,19.04719841384501,15.033296378372908,0.2785714285714286,120,700,51.19396853480181
0.28345184166518034,0.025593864471340086,0.3417786233579895,0.23672572661118305,0.09318063964637531,0.04438968420648345,120,470003,47,3,CTLA4,84.91249901018779,0.445859872611465,0.3184713375796178,0.07643312101910828,0.1592356687898089,1.4,5.833333333333333,4.166666666666667,2.8,0.22355868934052261,0.014285714285714285,0.27714285714285714,0.7085714285714285,0.004,0.21,0.786,0.0,0.0,1.0,14.213493554761893,6.708203932499369,0.40714285714285714,539,700,51.19396853480181
0.28345184166518034,0.025593864471340086,0.3417786233579895,0.23672572661118305,0.09318063964637531,0.04438968420648345,120,470001,47,1,none,53.646976831981554,0.445859872611465,0.3184713375796178,0.07643312101910828,0.1592356687898089,1.4,5.833333333333333,4.166666666666667,2.8,0.27357392316647267,0.022857142857142857,0.33285714285714285,0.6442857142857142,0.01,0.21,0.78,0.0,0.0,1.0,13.927086568986327,8.773298588520893,0.4257142857142857,705,700,51.19396853480181
0.28345184166518034,0.025593864471340086,0.3417786233579895,0.23672572661118305,0.09318063964637531,0.04438968420648345,120,470004,47,4,"PD1,CTLA4",50.952108597800176,0.445859872611465,0.3184713375796178,0.07643312101910828,0.1592356687898089,1.4,5.833333333333333,4.166666666666667,2.8,0.04781281790437437,0.06,0.12,0.82,0.02,0.074,0.906,0.0,0.0,1.0,18.768272544244624,16.201668046348402,0.2785714285714286,94,700,51.19396853480181
0.26686280708117116,0.044045203196027366,0.41123834911164037,0.4211595965925732,0.041349851921677255,0.01606345153660639,194,10004,1,4,"PD1,CTLA4",51.80711460334312,0.445859872611465,0.3184713375796178,0.07643312101910828,0.1592356687898089,1.4,5.833333333333333,4.166666666666667,2.8,0.10043248438250842,0.01,0.13285714285714287,0.8571428571428571,0.014,0.104,0.882,0.0,0.0,1.0,16.640613223370682,9.219544457292887,0.29285714285714287,209,700,55.78326319384368
0.26686280708117116,0.044045203196027366,0.41123834911164037,0.4211595965925732,0.041349851921677255,0.01606345153660639,194,10002,1,2,PD1,24.43090438626628,0.445859872611465,0.3184713375796178,0.07643312101910828,0.1592356687898089,1.4,5.833333333333333,4.166666666666667,2.8,0.09037900874635568,0.015714285714285715,0.13,0.8542857142857143,0.002,0.086,0.912,0.0,0.0,1.0,17.753615939509686,12.368259850937685,0.3271428571428571,186,700,55.78326319384368
0.26686280708117116,0.044045203196027366,0.41123834911164037,0.4211595965925732,0.041349851921677255,0.01606345153660639,194,10001,1,1,none,52.70988938479312,0.445859872611465,0.3184713375796178,0.07643312101910828,0.1592356687898089,1.4,5.833333333333333,4.166666666666667,2.8,0.28110599078341014,0.015714285714285715,0.33,0.6542857142857142,0.0,0.208,0.792,0.0,0.0,1.0,13.282636203562864,8.154234499766936,0.42142857142857143,732,700,55.78326319384368
0.26686280708117116,0.044045203196027366,0.41123834911164037,0.4211595965925732,0.041349851921677255,0.01606345153660639,194,10003,1,3,CTLA4,94.1851444009722,0.445859872611465,0.3184713375796178,0.07643312101910828,0.1592356687898089,1.4,5.833333333333333,4.166666666666667,2.8,0.27638190954773867,0.005714285714285714,0.31857142857142856,0.6757142857142857,0.0,0.242,0.758,0.0,0.016666666666666666,0.9833333333333333,12.941943517230282,7.0710678118654755,0.4185714285714286,715,700,55.78326319384368
0.2720464606715113,0.04795867870796327,0.5470575558971952,0.3861211365295857,0.07686727010622162,0.028191660452474794,171,460004,46,4,"PD1,CTLA4",54.809338500669924,0.445859872611465,0.3184713375796178,0.07643312101910828,0.1592356687898089,1.4,5.833333333333333,4.166666666666667,2.8,0.16053811659192826,0.007142857142857143,0.19714285714285715,0.7957142857142857,0.0,0.142,0.858,0.0,0.0,1.0,14.997989700118731,7.0710678118654755,0.3942857142857143,358,700,70.98653913744761
0.2720464606715113,0.04795867870796327,0.5470575558971952,0.3861211365295857,0.07686727010622162,0.028191660452474794,171,460002,46,2,PD1,50.87475442848068,0.445859872611465,0.3184713375796178,0.07643312101910828,0.1592356687898089,1.4,5.833333333333333,4.166666666666667,2.8,0.182175622542595,0.0,0.20142857142857143,0.7985714285714286,0.0,0.138,0.862,0.0,0.0,1.0,15.810620651368549,9.219544457292887,0.3914285714285714,417,700,70.98653913744761
0.2720464606715113,0.04795867870796327,0.5470575558971952,0.3861211365295857,0.07686727010622162,0.028191660452474794,171,460001,46,1,none,72.0271386954072,0.445859872611465,0.3184713375796178,0.07643312101910828,0.1592356687898089,1.4,5.833333333333333,4.166666666666667,2.8,0.3387495584599082,0.002857142857142857,0.37714285714285717,0.62,0.0,0.262,0.738,0.0,0.058333333333333334,0.9416666666666667,11.422914387903743,6.324555320336759,0.45571428571428574,959,700,70.98653913744761
0.2720464606715113,0.04795867870796327,0.5470575558971952,0.3861211365295857,0.07686727010622162,0.028191660452474794,171,460003,46,3,CTLA4,106.23492492523266,0.445859872611465,0.3184713375796178,0.07643312101910828,0.1592356687898089,1.4,5.833333333333333,4.166666666666667,2.8,0.34061289186333216,0.012857142857142857,0.37,0.6171428571428571,0.012,0.268,0.72,0.0,0.05,0.95,11.445686230110114,6.708203932499369,0.44,967,700,70.98653913744761
0.2288610303492582,0.03562594900526009,0.5192806565240409,0.1847030599512452,0.061790941307181546,0.03361698167212071,154,160002,16,2,PD1,63.06841327782064,0.445859872611465,0.3184713375796178,0.07643312101910828,0.1592356687898089,1.4,5.833333333333333,4.166666666666667,2.8,0.1746031746031746,0.01,0.21857142857142858,0.7714285714285715,0.002,0.168,0.83,0.0,0.0,1.0,14.607870913147199,7.839015427081229,0.39,396,700,73.7763674496787
0.2288610303492582,0.03562594900526009,0.5192806565240409,0.1847030599512452,0.061790941307181546,0.03361698167212071,154,160003,16,3,CTLA4,108.32876996064157,0.445859872611465,0.3184713375796178,0.07643312101910828,0.1592356687898089,1.4,5.833333333333333,4.166666666666667,2.8,0.32516222062004324,0.004285714285714286,0.36142857142857143,0.6342857142857142,0.004,0.296,0.7,0.0,0.03333333333333333,0.9666666666666667,12.160140260742612,10.0,0.4085714285714286,902,700,73.7763674496787
0.2288610303492582,0.03562594900526009,0.5192806565240409,0.1847030599512452,0.061790941307181546,0.03361698167212071,154,160001,16,1,none,67.28701317688729,0.445859872611465,0.3184713375796178,0.07643312101910828,0.1592356687898089,1.4,5.833333333333333,4.166666666666667,2.8,0.31100478468899523,0.017142857142857144,0.35428571428571426,0.6285714285714286,0.01,0.262,0.728,0.0,0.058333333333333334,0.9416666666666667,12.695635324957431,7.810249675906654,0.4185714285714286,845,700,73.7763674496787
0.2288610303492582,0.03562594900526009,0.5192806565240409,0.1847030599512452,0.061790941307181546,0.03361698167212071,154,160004,16,4,"PD1,CTLA4",56.421273383365325,0.445859872611465,0.3184713375796178,0.07643312101910828,0.1592356687898089,1.4,5.833333333333333,4.166666666666667,2.8,0.15789473684210525,0.03142857142857143,0.25,0.7185714285714285,0.022,0.132,0.846,0.0,0.0,1.0,13.893730272484042,6.708203932499369,0.4142857142857143,351,700,73.7763674496787
0.24515461257636495,0.028707749733878643,0.8799707336232185,0.443244063404311,0.12433870183404873,0.04066505135966132,186,40002,4,2,PD1,64.73496513952549,0.445859872611465,0.3184713375796178,0.07643312101910828,0.1592356687898089,1.4,5.833333333333333,4.166666666666667,2.8,0.15940727436012572,0.02,0.22428571428571428,0.7557142857142857,0.016,0.166,0.818,0.0,0.0,1.0,15.41697233617425,7.0710678118654755,0.3942857142857143,355,700,79.72689858999615
0.24515461257636495,0.028707749733878643,0.8799707336232185,0.443244063404311,0.12433870183404873,0.04066505135966132,186,40003,4,3,CTLA4,119.7830499995104,0.445859872611465,0.3184713375796178,0.07643312101910828,0.1592356687898089,1.4,5.833333333333333,4.166666666666667,2.8,0.33804809052333806,0.02,0.4114285714285714,0.5685714285714286,0.016,0.302,0.682,0.0,0.06666666666666667,0.9333333333333333,11.894508995694702,5.830951894845301,0.47,956,700,79.72689858999615
0.24515461257636495,0.028707749733878643,0.8799707336232185,0.443244063404311,0.12433870183404873,0.04066505135966132,186,40001,4,1,none,81.07485594623704,0.445859872611465,0.3184713375796178,0.07643312101910828,0.1592356687898089,1.4,5.833333333333333,4.166666666666667,2.8,0.3268608414239482,0.032857142857142856,0.39571428571428574,0.5714285714285714,0.014,0.284,0.702,0.0,0.041666666666666664,0.9583333333333334,11.119954434342077,5.0990195135927845,0.4928571428571429,909,700,79.72689858999615
0.24515461257636495,0.028707749733878643,0.8799707336232185,0.443244063404311,0.12433870183404873,0.04066505135966132,186,40004,4,4,"PD1,CTLA4",53.314723274711724,0.445859872611465,0.3184713375796178,0.07643312101910828,0.1592356687898089,1.4,5.833333333333333,4.166666666666667,2.8,0.12400561534861956,0.022857142857142857,0.18571428571428572,0.7914285714285715,0.006,0.11,0.884,0.0,0.0,1.0,15.536416954269603,9.326762794674746,0.37714285714285717,265,700,79.72689858999615
0.20997557949654222,0.03991401642345591,0.8431279636075444,0.20263167679922858,0.0472151042836497,0.023601188798181204,86,320003,32,3,CTLA4,102.92519642854352,0.445859872611465,0.3184713375796178,0.07643312101910828,0.1592356687898089,1.4,5.833333333333333,4.166666666666667,2.8,0.33617021276595743,0.002857142857142857,0.3628571428571429,0.6342857142857142,0.002,0.24,0.758,0.0,0.008333333333333333,0.9916666666666667,12.018761181694185,8.06225774829855,0.41,948,700,83.7849061974617
0.20997557949654222,0.03991401642345591,0.8431279636075444,0.20263167679922858,0.0472151042836497,0.023601188798181204,86,320004,32,4,"PD1,CTLA4",63.306383670839146,0.445859872611465,0.3184713375796178,0.07643312101910828,0.1592356687898089,1.4,5.833333333333333,4.166666666666667,2.8,0.2609553888669562,0.004285714285714286,0.3028571428571429,0.6928571428571428,0.002,0.202,0.796,0.0,0.0,1.0,13.371139879975335,9.949747468305834,0.4142857142857143,661,700,83.7849061974617
0.20997557949654222,0.03991401642345591,0.8431279636075444,0.20263167679922858,0.0472151042836497,0.023601188798181204,86,320001,32,1,none,64.65011860547641,0.445859872611465,0.3184713375796178,0.07643312101910828,0.1592356687898089,1.4,5.833333333333333,4.166666666666667,2.8,0.3506763787721124,0.0014285714285714286,0.3514285714285714,0.6471428571428571,0.0,0.252,0.748,0.0,0.06666666666666667,0.9333333333333333,12.001426382471061,7.9362537121026016,0.4057142857142857,1011,700,83.7849061974617
0.20997557949654222,0.03991401642345591,0.8431279636075444,0.20263167679922858,0.0472151042836497,0.023601188798181204,86,320002,32,2,PD1,104.25792608498772,0.445859872611465,0.3184713375796178,0.07643312101910828,0.1592356687898089,1.4,5.833333333333333,4.166666666666667,2.8,0.24149108589951376,0.005714285714285714,0.3,0.6942857142857143,0.002,0.19,0.808,0.0,0.0,1.0,13.41100352202015,8.154234499766936,0.42142857142857143,596,700,83.7849061974617
0.25097540534141344,0.048333010145124554,0.640396102949621,0.26589076237311543,0.02353009379790337,0.04220293455628354,176,130003,13,3,CTLA4,117.53390236408174,0.445859872611465,0.3184713375796178,0.07643312101910828,0.1592356687898089,1.4,5.833333333333333,4.166666666666667,2.8,0.38843515191114014,0.012857142857142857,0.3985714285714286,0.5885714285714285,0.006,0.31,0.684,0.0,0.11666666666666667,0.8833333333333333,10.609661972044325,6.4031242374328485,0.4442857142857143,1189,700,88.04927777470724
0.25097540534141344,0.048333010145124554,0.640396102949621,0.26589076237311543,0.02353009379790337,0.04220293455628354,176,130002,13,2,PD1,95.18281434507924,0.445859872611465,0.3184713375796178,0.07643312101910828,0.1592356687898089,1.4,5.833333333333333,4.166666666666667,2.8,0.22162162162162163,0.014285714285714285,0.29,0.6957142857142857,0.008,0.174,0.818,0.0,0.0,1.0,15.069587687028491,10.63014581273465,0.3842857142857143,533,700,88.04927777470724
0.25097540534141344,0.048333010145124554,0.640396102949621,0.26589076237311543,0.02353009379790337,0.04220293455628354,176,130004,13,4,"PD1,CTLA4",60.74627006170658,0.445859872611465,0.3184713375796178,0.07643312101910828,0.1592356687898089,1.4,5.833333333333333,4.166666666666667,2.8,0.20778671180702496,0.012857142857142857,0.2671428571428571,0.72,0.004,0.196,0.8,0.0,0.0,1.0,14.048244553543466,7.615773105863909,0.4157142857142857,491,700,88.04927777470724
0.25097540534141344,0.048333010145124554,0.640396102949621,0.26589076237311543,0.02353009379790337,0.04220293455628354,176,130001,13,1,none,78.73412432796138,0.445859872611465,0.3184713375796178,0.07643312101910828,0.1592356687898089,1.4,5.833333333333333,4.166666666666667,2.8,0.3669259384511329,0.03142857142857143,0.38142857142857145,0.5871428571428572,0.016,0.284,0.7,0.0,0.11666666666666667,0.8833333333333333,10.964418686846535,6.324555320336759,0.4614285714285714,1085,700,88.04927777470724
0.14133051608313982,0.04017602557584987,0.33111079445621305,0.12230522829300312,0.03166133467550242,0.018991097367412488,85,120002,12,2,PD1,126.1351236862768,0.445859872611465,0.3184713375796178,0.07643312101910828,0.1592356687898089,1.4,5.833333333333333,4.166666666666667,2.8,0.28,0.0014285714285714286,0.33,0.6685714285714286,0.0,0.21,0.79,0.0,0.0,1.0,13.755671324939522,8.51464255977805,0.44,728,700,89.60730232802845
0.14133051608313982,0.04017602557584987,0.33111079445621305,0.12230522829300312,0.03166133467550242,0.018991097367412488,85,120003,12,3,CTLA4,101.35077049650955,0.445859872611465,0.3184713375796178,0.07643312101910828,0.1592356687898089,1.4,5.833333333333333,4.166666666666667,2.8,0.35022561610551894,0.0,0.36,0.64,0.0,0.246,0.754,0.0,0.075,0.925,12.326934384796337,8.06225774829855,0.4085714285714286,1009,700,89.60730232802845
0.14133051608313982,0.04017602557584987,0.33111079445621305,0.12230522829300312,0.03166133467550242,0.018991097367412488,85,120001,12,1,none,67.6538497446739,0.445859872611465,0.3184713375796178,0.07643312101910828,0.1592356687898089,1.4,5.833333333333333,4.166666666666667,2.8,0.34338828481234657,0.0014285714285714286,0.3628571428571429,0.6357142857142857,0.0,0.256,0.744,0.0,0.03333333333333333,0.9666666666666667,12.479277686671768,8.573164506180078,0.41,979,700,89.60730232802845
0.14133051608313982,0.04017602557584987,0.33111079445621305,0.12230522829300312,0.03166133467550242,0.018991097367412488,85,120004,12,4,"PD1,CTLA4",63.28946538465354,0.445859872611465,0.3184713375796178,0.07643312101910828,0.1592356687898089,1.4,5.833333333333333,4.166666666666667,2.8,0.2791682710820177,0.0014285714285714286,0.30857142857142855,0.69,0.0,0.196,0.804,0.0,0.0,1.0,13.574048509867954,12.041594578792296,0.37142857142857144,725,700,89.60730232802845
0.20164908660791642,0.06503619142100614,0.5893730800042813,0.17465968282322497,0.025699998224434844,0.02591937960162744,136,80003,8,3,CTLA4,108.80799278744061,0.445859872611465,0.3184713375796178,0.07643312101910828,0.1592356687898089,1.4,5.833333333333333,4.166666666666667,2.8,0.3707563025210084,0.007142857142857143,0.39,0.6028571428571429,0.0,0.256,0.744,0.0,0.1,0.9,10.77251424382901,6.324555320336759,0.43714285714285717,1103,700,90.018037675343
0.20164908660791642,0.06503619142100614,0.5893730800042813,0.17465968282322497,0.025699998224434844,0.02591937960162744,136,80001,8,1,none,68.84928054517235,0.445859872611465,0.3184713375796178,0.07643312101910828,0.1592356687898089,1.4,5.833333333333333,4.166666666666667,2.8,0.36109215017064844,0.0,0.3628571428571429,0.6371428571428571,0.0,0.262,0.738,0.0,0.03333333333333333,0.9666666666666667,12.574724871560658,8.573164506180078,0.3942857142857143,1058,700,90.018037675343
0.20164908660791642,0.06503619142100614,0.5893730800042813,0.17465968282322497,0.025699998224434844,0.02591937960162744,136,80002,8,2,PD1,117.62760224890067,0.445859872611465,0.3184713375796178,0.07643312101910828,0.1592356687898089,1.4,5.833333333333333,4.166666666666667,2.8,0.25329078579976066,0.012857142857142857,0.3157142857142857,0.6714285714285714,0.0,0.208,0.792,0.0,0.0,1.0,13.64811625112593,7.211102550927978,0.41714285714285715,635,700,90.018037675343
0.20164908660791642,0.06503619142100614,0.5893730800042813,0.17465968282322497,0.025699998224434844,0.02591937960162744,136,80004,8,4,"PD1,CTLA4",64.78727511985834,0.445859872611465,0.3184713375796178,0.07643312101910828,0.1592356687898089,1.4,5.833333333333333,4.166666666666667,2.8,0.2644400785854617,0.008571428571428572,0.32285714285714284,0.6685714285714286,0.0,0.204,0.796,0.0,0.0,1.0,13.802693820930601,9.081908183646023,0.43,673,700,90.018037675343
0.298541365225794,0.08987428734904586,0.6692438357296554,0.37213752258106336,0.08460272573814782,0.02015425071814131,107,210003,21,3,CTLA4,105.77551544468248,0.445859872611465,0.3184713375796178,0.07643312101910828,0.1592356687898089,1.4,5.833333333333333,4.166666666666667,2.8,0.3595620937393089,0.0,0.3757142857142857,0.6242857142857143,0.002,0.256,0.742,0.0,0.075,0.925,10.981502962989682,7.035533905932738,0.43,1051,700,91.22811318653527
0.298541365225794,0.08987428734904586,0.6692438357296554,0.37213752258106336,0.08460272573814782,0.02015425071814131,107,210004,21,4,"PD1,CTLA4",66.58139330183621,0.445859872611465,0.3184713375796178,0.07643312101910828,0.1592356687898089,1.4,5.833333333333333,4.166666666666667,2.8,0.2954459917199849,0.005714285714285714,0.33285714285714285,0.6614285714285715,0.002,0.22,0.778,0.0,0.008333333333333333,0.9916666666666667,13.55166404007177,10.024937810560445,0.3985714285714286,785,700,91.22811318653527
0.298541365225794,0.08987428734904586,0.6692438357296554,0.37213752258106336,0.08460272573814782,0.02015425071814131,107,210001,21,1,none,65.43809124060206,0.445859872611465,0.3184713375796178,0.07643312101910828,0.1592356687898089,1.4,5.833333333333333,4.166666666666667,2.8,0.36,0.0,0.3557142857142857,0.6442857142857142,0.0,0.25,0.75,0.0,0.09166666666666666,0.9083333333333333,11.700271581935759,7.615773105863909,0.4114285714285714,1053,700,91.22811318653527
0.298541365225794,0.08987428734904586,0.6692438357296554,0.37213752258106336,0.08460272573814782,0.02015425071814131,107,210002,21,2,PD1,127.11745275902034,0.445859872611465,0.3184713375796178,0.07643312101910828,0.1592356687898089,1.4,5.833333333333333,4.166666666666667,2.8,0.27526132404181186,0.004285714285714286,0.3357142857142857,0.66,0.002,0.202,0.796,0.0,0.0,1.0,13.39891301648285,9.899494936611665,0.41285714285714287,711,700,91.22811318653527
0.2610434099388803,0.11777189655816202,0.4492932260327008,0.35685818890546606,0.11467473378881518,0.011850141531589043,160,70001,7,1,none,71.26145476784299,0.445859872611465,0.3184713375796178,0.07643312101910828,0.1592356687898089,1.4,5.833333333333333,4.166666666666667,2.8,0.3619631901840491,0.0014285714285714286,0.3657142857142857,0.6328571428571429,0.0,0.27,0.73,0.0,0.06666666666666667,0.9333333333333333,10.998857968378157,6.082762530298219,0.44285714285714284,1062,700,91.75532800432971
0.2610434099388803,0.11777189655816202,0.4492932260327008,0.35685818890546606,0.11467473378881518,0.011850141531589043,160,70002,7,2,PD1,119.83860582326268,0.445859872611465,0.3184713375796178,0.07643312101910828,0.1592356687898089,1.4,5.833333333333333,4.166666666666667,2.8,0.25329078579976066,0.01,0.32285714285714284,0.6671428571428571,0.01,0.202,0.788,0.0,0.0,1.0,12.69656914259623,6.4031242374328485,0.4514285714285714,635,700,91.75532800432971
0.2610434099388803,0.11777189655816202,0.4492932260327008,0.35685818890546606,0.11467473378881518,0.011850141531589043,160,70004,7,4,"PD1,CTLA4",62.23192326302533,0.445859872611465,0.3184713375796178,0.07643312101910828,0.1592356687898089,1.4,5.833333333333333,4.166666666666667,2.8,0.2529928172386273,0.008571428571428572,0.29428571428571426,0.6971428571428572,0.0,0.194,0.806,0.0,0.0,1.0,13.653724427573241,6.0,0.4442857142857143,634,700,91.75532800432971
0.2610434099388803,0.11777189655816202,0.4492932260327008,0.35685818890546606,0.11467473378881518,0.011850141531589043,160,70003,7,3,CTLA4,113.68932816318784,0.445859872611465,0.3184713375796178,0.07643312101910828,0.1592356687898089,1.4,5.833333333333333,4.166666666666667,2.8,0.3645621181262729,0.012857142857142857,0.3914285714285714,0.5957142857142858,0.0,0.294,0.706,0.0,0.1,0.9,11.11627624145648,5.91547594742265,0.4542857142857143,1074,700,91.75532800432971
0.21617303561876466,0.08657801045864331,0.5869498687051384,0.1707632973382971,0.13010431767895994,0.01953718815616738,113,380003,38,3,CTLA4,107.57357552451437,0.445859872611465,0.3184713375796178,0.07643312101910828,0.1592356687898089,1.4,5.833333333333333,4.166666666666667,2.8,0.37433155080213903,0.002857142857142857,0.3657142857142857,0.6314285714285715,0.0,0.29,0.71,0.0,0.08333333333333333,0.9166666666666666,11.730609127243154,7.447941497572213,0.40285714285714286,1120,700,93.59553060865655
0.21617303561876466,0.08657801045864331,0.5869498687051384,0.1707632973382971,0.13010431767895994,0.01953718815616738,113,380004,38,4,"PD1,CTLA4",71.5427345885583,0.445859872611465,0.3184713375796178,0.07643312101910828,0.1592356687898089,1.4,5.833333333333333,4.166666666666667,2.8,0.3004484304932735,0.005714285714285714,0.36714285714285716,0.6271428571428571,0.002,0.246,0.752,0.0,0.0,1.0,12.426351286791556,6.363839778884804,0.44142857142857145,804,700,93.59553060865655
0.21617303561876466,0.08657801045864331,0.5869498687051384,0.1707632973382971,0.13010431767895994,0.01953718815616738,113,380001,38,1,none,76.14321329550432,0.445859872611465,0.3184713375796178,0.07643312101910828,0.1592356687898089,1.4,5.833333333333333,4.166666666666667,2.8,0.37558372248165445,0.004285714285714286,0.37285714285714283,0.6228571428571429,0.0,0.282,0.718,0.0,0.11666666666666667,0.8833333333333333,11.952987233710397,6.708203932499369,0.4342857142857143,1126,700,93.59553060865655
0.21617303561876466,0.08657801045864331,0.5869498687051384,0.1707632973382971,0.13010431767895994,0.01953718815616738,113,380002,38,2,PD1,119.12259902604919,0.445859872611465,0.3184713375796178,0.07643312101910828,0.1592356687898089,1.4,5.833333333333333,4.166666666666667,2.8,0.30149253731343284,0.01,0.32285714285714284,0.6671428571428571,0.0,0.2,0.8,0.0,0.016666666666666666,0.9833333333333333,13.615451114504456,12.767085268111776,0.37857142857142856,808,700,93.59553060865655
0.10506273150708512,0.02760757024257842,0.30240944113422724,0.2762101886365358,0.10802102659733355,0.026433791359434154,155,150003,15,3,CTLA4,105.9480938433559,0.445859872611465,0.3184713375796178,0.07643312101910828,0.1592356687898089,1.4,5.833333333333333,4.166666666666667,2.8,0.38095238095238093,0.005714285714285714,0.36142857142857143,0.6328571428571429,0.002,0.284,0.714,0.0,0.13333333333333333,0.8666666666666667,11.261537736443737,6.555664084966109,0.42857142857142855,1152,700,94.84028756329585
0.10506273150708512,0.02760757024257842,0.30240944113422724,0.2762101886365358,0.10802102659733355,0.026433791359434154,155,150001,15,1,none,74.57910253248839,0.445859872611465,0.3184713375796178,0.07643312101910828,0.1592356687898089,1.4,5.833333333333333,4.166666666666667,2.8,0.37286432160804023,0.005714285714285714,0.38,0.6142857142857143,0.002,0.27,0.728,0.0,0.08333333333333333,0.9166666666666666,11.32471498398316,7.0710678118654755,0.4185714285714286,1113,700,94.84028756329585
0.10506273150708512,0.02760757024257842,0.30240944113422724,0.2762101886365358,0.10802102659733355,0.026433791359434154,155,150002,15,2,PD1,134.75258254364257,0.445859872611465,0.3184713375796178,0.07643312101910828,0.1592356687898089,1.4,5.833333333333333,4.166666666666667,2.8,0.2704598597038192,0.017142857142857144,0.33285714285714285,0.65,0.006,0.232,0.762,0.0,0.0,1.0,12.7871141048878,9.055385138137417,0.43142857142857144,694,700,94.84028756329585
0.10506273150708512,0.02760757024257842,0.30240944113422724,0.2762101886365358,0.10802102659733355,0.026433791359434154,155,150004,15,4,"PD1,CTLA4",64.0813713336965,0.445859872611465,0.3184713375796178,0.07643312101910828,0.1592356687898089,1.4,5.833333333333333,4.166666666666667,2.8,0.2565528196981732,0.007142857142857143,0.30142857142857143,0.6914285714285714,0.002,0.214,0.784,0.0,0.0,1.0,13.169087256306582,6.0,0.4514285714285714,646,700,94.84028756329585
0.28802110246814927,0.062282979256834625,0.8726249980867233,0.15848001834208442,0.045880610878666316,0.041624249701230014,151,140001,14,1,none,92.80027347964685,0.445859872611465,0.3184713375796178,0.07643312101910828,0.1592356687898089,1.4,5.833333333333333,4.166666666666667,2.8,0.3788984737889847,0.017142857142857144,0.4085714285714286,0.5742857142857143,0.008,0.32,0.672,0.0,0.08333333333333333,0.9166666666666666,10.075748350176431,6.041381265149109,0.46,1142,700,95.14723659711115
0.28802110246814927,0.062282979256834625,0.8726249980867233,0.15848001834208442,0.045880610878666316,0.041624249701230014,151,140003,14,3,CTLA4,107.53709185981243,0.445859872611465,0.3184713375796178,0.07643312101910828,0.1592356687898089,1.4,5.833333333333333,4.166666666666667,2.8,0.3797216699801193,0.011428571428571429,0.3757142857142857,0.6128571428571429,0.004,0.272,0.724,0.0,0.13333333333333333,0.8666666666666667,10.74816801973969,6.4031242374328485,0.4342857142857143,1146,700,95.14723659711115
0.28802110246814927,0.062282979256834625,0.8726249980867233,0.15848001834208442,0.045880610878666316,0.041624249701230014,151,140004,14,4,"PD1,CTLA4",63.01805990244802,0.445859872611465,0.3184713375796178,0.07643312101910828,0.1592356687898089,1.4,5.833333333333333,4.166666666666667,2.8,0.23840520748576077,0.01,0.28714285714285714,0.7028571428571428,0.006,0.212,0.782,0.0,0.0,1.0,13.334917145262317,6.555664084966109,0.42142857142857143,586,700,95.14723659711115
0.28802110246814927,0.062282979256834625,0.8726249980867233,0.15848001834208442,0.045880610878666316,0.041624249701230014,151,140002,14,2,PD1,117.23352114653726,0.445859872611465,0.3184713375796178,0.07643312101910828,0.1592356687898089,1.4,5.833333333333333,4.166666666666667,2.8,0.2538860103626943,0.005714285714285714,0.29,0.7042857142857143,0.008,0.248,0.744,0.0,0.0,1.0,12.248405391942462,7.0,0.42,637,700,95.14723659711115
0.18184729726893395,0.03078796276449911,0.7569765036384559,0.4526552711825592,0.145102267412691,0.03278985635050745,102,270002,27,2,PD1,134.63623946942053,0.445859872611465,0.3184713375796178,0.07643312101910828,0.1592356687898089,1.4,5.833333333333333,4.166666666666667,2.8,0.2786127167630058,0.014285714285714285,0.33714285714285713,0.6485714285714286,0.008,0.224,0.768,0.0,0.0,1.0,12.895210536437574,9.641419466926354,0.43714285714285717,723,700,95.37907354958669
0.18184729726893395,0.03078796276449911,0.7569765036384559,0.4526552711825592,0.145102267412691,0.03278985635050745,102,270001,27,1,none,74.576633626054,0.445859872611465,0.3184713375796178,0.07643312101910828,0.1592356687898089,1.4,5.833333333333333,4.166666666666667,2.8,0.35780445969125213,0.002857142857142857,0.38142857142857145,0.6157142857142858,0.0,0.27,0.73,0.0,0.05,0.95,11.23105617206757,7.211102550927978,0.42428571428571427,1043,700,95.37907354958669
0.18184729726893395,0.03078796276449911,0.7569765036384559,0.4526552711825592,0.145102267412691,0.03278985635050745,102,270004,27,4,"PD1,CTLA4",64.16072836946022,0.445859872611465,0.3184713375796178,0.07643312101910828,0.1592356687898089,1.4,5.833333333333333,4.166666666666667,2.8,0.26212061489948757,0.025714285714285714,0.32142857142857145,0.6528571428571428,0.014,0.198,0.788,0.0,0.0,1.0,12.354853675720772,8.06225774829855,0.43857142857142856,665,700,95.37907354958669
0.18184729726893395,0.03078796276449911,0.7569765036384559,0.4526552711825592,0.145102267412691,0.03278985635050745,102,270003,27,3,CTLA4,108.14269273341203,0.445859872611465,0.3184713375796178,0.07643312101910828,0.1592356687898089,1.4,5.833333333333333,4.166666666666667,2.8,0.3584647018505826,0.011428571428571429,0.38571428571428573,0.6028571428571429,0.002,0.252,0.746,0.0,0.041666666666666664,0.9583333333333334,11.116445702525056,6.324555320336759,0.43857142857142856,1046,700,95.37907354958669
0.23747474723371104,0.07492335953151183,0.6852736414512712,0.40920561549307266,0.13877389420192116,0.024591025705196508,125,90002,9,2,PD1,128.14461561039187,0.445859872611465,0.3184713375796178,0.07643312101910828,0.1592356687898089,1.4,5.833333333333333,4.166666666666667,2.8,0.28027681660899656,0.0,0.3314285714285714,0.6685714285714286,0.0,0.214,0.786,0.0,0.0,1.0,12.709960999845002,6.708203932499369,0.4471428571428571,729,700,95.5860366739946
0.23747474723371104,0.07492335953151183,0.6852736414512712,0.40920561549307266,0.13877389420192116,0.024591025705196508,125,90003,9,3,CTLA4,110.50548400263293,0.445859872611465,0.3184713375796178,0.07643312101910828,0.1592356687898089,1.4,5.833333333333333,4.166666666666667,2.8,0.3703329969727548,0.002857142857142857,0.3942857142857143,0.6028571428571429,0.0,0.262,0.738,0.0,0.09166666666666666,0.9083333333333333,11.188257971545758,5.91547594742265,0.4685714285714286,1101,700,95.5860366739946
0.23747474723371104,0.07492335953151183,0.6852736414512712,0.40920561549307266,0.13877389420192116,0.024591025705196508,125,90001,9,1,none,74.54175350249089,0.445859872611465,0.3184713375796178,0.07643312101910828,0.1592356687898089,1.4,5.833333333333333,4.166666666666667,2.8,0.3793103448275862,0.002857142857142857,0.38857142857142857,0.6085714285714285,0.0,0.26,0.74,0.0,0.09166666666666666,0.9083333333333333,11.584092543608042,6.854101966249685,0.43142857142857144,1144,700,95.5860366739946
0.23747474723371104,0.07492335953151183,0.6852736414512712,0.40920561549307266,0.13877389420192116,0.024591025705196508,125,90004,9,4,"PD1,CTLA4",69.15229358046271,0.445859872611465,0.3184713375796178,0.07643312101910828,0.1592356687898089,1.4,5.833333333333333,4.166666666666667,2.8,0.28848346636259975,0.007142857142857143,0.36428571428571427,0.6285714285714286,0.0,0.222,0.778,0.0,0.008333333333333333,0.9916666666666667,13.458190571208561,8.246211251235321,0.4185714285714286,759,700,95.5860366739946
0.22229558436448993,0.10316455100809027,0.7550092184722745,0.495946771295085,0.08829661961940131,0.014911603206399445,129,250001,25,1,none,74.0557550345247,0.445859872611465,0.3184713375796178,0.07643312101910828,0.1592356687898089,1.4,5.833333333333333,4.166666666666667,2.8,0.3709677419354839,0.004285714285714286,0.37142857142857144,0.6242857142857143,0.0,0.278,0.722,0.0,0.025,0.975,11.170609325971153,7.0710678118654755,0.43,1104,700,95.75404100086097
0.22229558436448993,0.10316455100809027,0.7550092184722745,0.495946771295085,0.08829661961940131,0.014911603206399445,129,250002,25,2,PD1,124.59093035122635,0.445859872611465,0.3184713375796178,0.07643312101910828,0.1592356687898089,1.4,5.833333333333333,4.166666666666667,2.8,0.2849503437738732,0.002857142857142857,0.3242857142857143,0.6728571428571428,0.002,0.216,0.782,0.0,0.016666666666666666,0.9833333333333333,13.271444029574775,8.0,0.4328571428571429,746,700,95.75404100086097
0.22229558436448993,0.10316455100809027,0.7550092184722745,0.495946771295085,0.08829661961940131,0.014911603206399445,129,250004,25,4,"PD1,CTLA4",69.66850879280696,0.445859872611465,0.3184713375796178,0.07643312101910828,0.1592356687898089,1.4,5.833333333333333,4.166666666666667,2.8,0.3017530772099963,0.007142857142857143,0.33285714285714285,0.66,0.0,0.254,0.746,0.0,0.0,1.0,13.571434760652826,8.154234499766936,0.4042857142857143,809,700,95.75404100086097
0.22229558436448993,0.10316455100809027,0.7550092184722745,0.495946771295085,0.08829661961940131,0.014911603206399445,129,250003,25,3,CTLA4,114.70096982488586,0.445859872611465,0.3184713375796178,0.07643312101910828,0.1592356687898089,1.4,5.833333333333333,4.166666666666667,2.8,0.3718120805369127,0.005714285714285714,0.40285714285714286,0.5914285714285714,0.0,0.276,0.724,0.0,0.05,0.95,11.263754682530722,6.082762530298219,0.45,1108,700,95.75404100086097
0.17560501890189822,0.07364680099566262,0.5307540575531293,0.4312026799340736,0.09625502699849635,0.022510647075192444,147,370003,37,3,CTLA4,116.15937049160615,0.445859872611465,0.3184713375796178,0.07643312101910828,0.1592356687898089,1.4,5.833333333333333,4.166666666666667,2.8,0.3848176141965166,0.002857142857142857,0.4014285714285714,0.5957142857142858,0.0,0.292,0.708,0.0,0.15,0.85,10.154938203692971,5.830951894845301,0.44,1171,700,102.91904460427432
0.17560501890189822,0.07364680099566262,0.5307540575531293,0.4312026799340736,0.09625502699849635,0.022510647075192444,147,370004,37,4,"PD1,CTLA4",71.78785870473915,0.445859872611465,0.3184713375796178,0.07643312101910828,0.1592356687898089,1.4,5.833333333333333,4.166666666666667,2.8,0.30149253731343284,0.015714285714285715,0.3514285714285714,0.6328571428571429,0.0,0.266,0.734,0.0,0.041666666666666664,0.9583333333333334,12.387647260857607,6.4031242374328485,0.4542857142857143,808,700,102.91904460427432
0.17560501890189822,0.07364680099566262,0.5307540575531293,0.4312026799340736,0.09625502699849635,0.022510647075192444,147,370001,37,1,none,80.71297615189785,0.445859872611465,0.3184713375796178,0.07643312101910828,0.1592356687898089,1.4,5.833333333333333,4.166666666666667,2.8,0.3953488372093023,0.0014285714285714286,0.3628571428571429,0.6357142857142857,0.0,0.304,0.696,0.0,0.175,0.825,11.302011177586687,6.708203932499369,0.4085714285714286,1224,700,102.91904460427432
0.17560501890189822,0.07364680099566262,0.5307540575531293,0.4312026799340736,0.09625502699849635,0.022510647075192444,147,370002,37,2,PD1,143.0159730688541,0.445859872611465,0.3184713375796178,0.07643312101910828,0.1592356687898089,1.4,5.833333333333333,4.166666666666667,2.8,0.29411764705882354,0.011428571428571429,0.3314285714285714,0.6571428571428571,0.004,0.258,0.738,0.0,0.0,1.0,11.841460723389947,7.0710678118654755,0.4342857142857143,780,700,102.91904460427432
0.16757793712902327,0.0978063364032416,0.6352744072578098,0.22042131807686088,0.07886426230285985,0.015328508530142872,144,280003,28,3,CTLA4,110.16905004703338,0.445859872611465,0.3184713375796178,0.07643312101910828,0.1592356687898089,1.4,5.833333333333333,4.166666666666667,2.8,0.3864306784660767,0.0014285714285714286,0.37857142857142856,0.62,0.0,0.288,0.712,0.0,0.13333333333333333,0.8666666666666667,11.597303517017677,7.0710678118654755,0.42142857142857143,1179,700,103.2179236107684
0.16757793712902327,0.0978063364032416,0.6352744072578098,0.22042131807686088,0.07886426230285985,0.015328508530142872,144,280001,28,1,none,76.28887159917174,0.445859872611465,0.3184713375796178,0.07643312101910828,0.1592356687898089,1.4,5.833333333333333,4.166666666666667,2.8,0.3864306784660767,0.014285714285714285,0.36,0.6257142857142857,0.002,0.296,0.702,0.0,0.1,0.9,11.025874654723655,6.324555320336759,0.4228571428571429,1179,700,103.2179236107684
0.16757793712902327,0.0978063364032416,0.6352744072578098,0.22042131807686088,0.07886426230285985,0.015328508530142872,144,280004,28,4,"PD1,CTLA4",70.34483895808773,0.445859872611465,0.3184713375796178,0.07643312101910828,0.1592356687898089,1.4,5.833333333333333,4.166666666666667,2.8,0.2994011976047904,0.014285714285714285,0.3314285714285714,0.6542857142857142,0.0,0.264,0.736,0.0,0.016666666666666666,0.9833333333333333,12.607997281100879,8.031128874149275,0.42,800,700,103.2179236107684
0.16757793712902327,0.0978063364032416,0.6352744072578098,0.22042131807686088,0.07886426230285985,0.015328508530142872,144,280002,28,2,PD1,156.06893383878074,0.445859872611465,0.3184713375796178,0.07643312101910828,0.1592356687898089,1.4,5.833333333333333,4.166666666666667,2.8,0.3033122441384444,0.01,0.3628571428571429,0.6271428571428571,0.0,0.242,0.758,0.0,0.016666666666666666,0.9833333333333333,12.457984279063826,7.905124837953327,0.44142857142857145,815,700,103.2179236107684
0.13175351828763654,0.1102895408861104,0.4788426926824154,0.3389802122425162,0.1353148600223194,0.010776509748657999,135,220002,22,2,PD1,154.59809966288046,0.445859872611465,0.3184713375796178,0.07643312101910828,0.1592356687898089,1.4,5.833333333333333,4.166666666666667,2.8,0.3172866520787746,0.01,0.37285714285714283,0.6171428571428571,0.002,0.218,0.78,0.0,0.025,0.975,12.491726418413112,9.081908183646023,0.42857142857142855,870,700,104.72435972218318
0.13175351828763654,0.1102895408861104,0.4788426926824154,0.3389802122425162,0.1353148600223194,0.010776509748657999,135,220001,22,1,none,78.72612804574894,0.445859872611465,0.3184713375796178,0.07643312101910828,0.1592356687898089,1.4,5.833333333333333,4.166666666666667,2.8,0.3848176141965166,0.0014285714285714286,0.4014285714285714,0.5971428571428572,0.0,0.268,0.732,0.0,0.05,0.95,11.244011946284303,6.708203932499369,0.42857142857142855,1171,700,104.72435972218318
0.13175351828763654,0.1102895408861104,0.4788426926824154,0.3389802122425162,0.1353148600223194,0.010776509748657999,135,220004,22,4,"PD1,CTLA4",70.34285131589945,0.445859872611465,0.3184713375796178,0.07643312101910828,0.1592356687898089,1.4,5.833333333333333,4.166666666666667,2.8,0.3087149187592319,0.004285714285714286,0.3657142857142857,0.63,0.0,0.236,0.764,0.0,0.016666666666666666,0.9833333333333333,12.028925578418868,6.082762530298219,0.45571428571428574,836,700,104.72435972218318
0.13175351828763654,0.1102895408861104,0.4788426926824154,0.3389802122425162,0.1353148600223194,0.010776509748657999,135,220003,22,3,CTLA4,115.2303598642039,0.445859872611465,0.3184713375796178,0.07643312101910828,0.1592356687898089,1.4,5.833333333333333,4.166666666666667,2.8,0.390625,0.002857142857142857,0.3942857142857143,0.6028571428571429,0.0,0.3,0.7,0.0,0.125,0.875,10.65170307324838,6.082762530298219,0.44571428571428573,1200,700,104.72435972218318
0.25865633014771167,0.08311377068767818,0.7112341169447084,0.28939412495551414,0.10019630935814615,0.039166161170363714,127,440002,44,2,PD1,151.0986874359147,0.445859872611465,0.3184713375796178,0.07643312101910828,0.1592356687898089,1.4,5.833333333333333,4.166666666666667,2.8,0.3256484149855908,0.01,0.35714285714285715,0.6328571428571429,0.004,0.238,0.758,0.0,0.025,0.975,11.841151818168253,8.06225774829855,0.4357142857142857,904,700,104.76081825792991
0.25865633014771167,0.08311377068767818,0.7112341169447084,0.28939412495551414,0.10019630935814615,0.039166161170363714,127,440001,44,1,none,79.22353070384014,0.445859872611465,0.3184713375796178,0.07643312101910828,0.1592356687898089,1.4,5.833333333333333,4.166666666666667,2.8,0.402680280791321,0.017142857142857144,0.36714285714285716,0.6157142857142858,0.002,0.298,0.7,0.0,0.14166666666666666,0.8583333333333333,10.589509588726477,7.245606220104248,0.41,1262,700,104.76081825792991
0.25865633014771167,0.08311377068767818,0.7112341169447084,0.28939412495551414,0.10019630935814615,0.039166161170363714,127,440004,44,4,"PD1,CTLA4",76.66261589793257,0.445859872611465,0.3184713375796178,0.07643312101910828,0.1592356687898089,1.4,5.833333333333333,4.166666666666667,2.8,0.3170375775264502,0.008571428571428572,0.39571428571428574,0.5957142857142858,0.002,0.274,0.724,0.0,0.008333333333333333,0.9916666666666667,11.483539662700272,5.830951894845301,0.4714285714285714,869,700,104.76081825792991
0.25865633014771167,0.08311377068767818,0.7112341169447084,0.28939412495551414,0.10019630935814615,0.039166161170363714,127,440003,44,3,CTLA4,112.05843899403222,0.445859872611465,0.3184713375796178,0.07643312101910828,0.1592356687898089,1.4,5.833333333333333,4.166666666666667,2.8,0.3941747572815534,0.005714285714285714,0.3914285714285714,0.6028571428571429,0.004,0.28,0.716,0.0,0.13333333333333333,0.8666666666666667,10.568359017708023,6.708203932499369,0.44857142857142857,1218,700,104.76081825792991
0.1715779359589346,0.05702683672663558,0.7231009912399473,0.4840834826791486,0.022239265378382837,0.05204345067324627,95,330002,33,2,PD1,158.93821973487997,0.445859872611465,0.3184713375796178,0.07643312101910828,0.1592356687898089,1.4,5.833333333333333,4.166666666666667,2.8,0.3445378151260504,0.01,0.3628571428571429,0.6271428571428571,0.0,0.25,0.75,0.0,0.058333333333333334,0.9416666666666667,11.817188025318393,7.245606220104248,0.42428571428571427,984,700,106.06623340691085
0.1715779359589346,0.05702683672663558,0.7231009912399473,0.4840834826791486,0.022239265378382837,0.05204345067324627,95,330001,33,1,none,80.40585337818236,0.445859872611465,0.3184713375796178,0.07643312101910828,0.1592356687898089,1.4,5.833333333333333,4.166666666666667,2.8,0.3959341723136496,0.005714285714285714,0.39,0.6042857142857143,0.0,0.284,0.716,0.0,0.11666666666666667,0.8833333333333333,10.356788243681274,5.91547594742265,0.4585714285714286,1227,700,106.06623340691085
0.1715779359589346,0.05702683672663558,0.7231009912399473,0.4840834826791486,0.022239265378382837,0.05204345067324627,95,330004,33,4,"PD1,CTLA4",72.9878969994409,0.445859872611465,0.3184713375796178,0.07643312101910828,0.1592356687898089,1.4,5.833333333333333,4.166666666666667,2.8,0.34107708553326294,0.002857142857142857,0.38,0.6171428571428571,0.0,0.252,0.748,0.0,0.016666666666666666,0.9833333333333333,11.67405839466546,7.141085181396727,0.42714285714285716,969,700,106.06623340691085
0.1715779359589346,0.05702683672663558,0.7231009912399473,0.4840834826791486,0.022239265378382837,0.05204345067324627,95,330003,33,3,CTLA4,111.9329635151402,0.445859872611465,0.3184713375796178,0.07643312101910828,0.1592356687898089,1.4,5.833333333333333,4.166666666666667,2.8,0.4030612244897959,0.005714285714285714,0.4042857142857143,0.59,0.004,0.254,0.742,0.0,0.1,0.9,10.651746051200675,6.203658925317489,0.44857142857142857,1264,700,106.06623340691085
0.09593346987262605,0.070886514001991,0.31869737260779374,0.393979338537626,0.13408279323010444,0.013545722528279281,132,340002,34,2,PD1,160.87790300248787,0.445859872611465,0.3184713375796178,0.07643312101910828,0.1592356687898089,1.4,5.833333333333333,4.166666666666667,2.8,0.3155393053016453,0.005714285714285714,0.36142857142857143,0.6328571428571429,0.0,0.258,0.742,0.0,0.016666666666666666,0.9833333333333333,12.495110383948631,7.615773105863909,0.4357142857142857,863,700,106.8987906272244
0.09593346987262605,0.070886514001991,0.31869737260779374,0.393979338537626,0.13408279323010444,0.013545722528279281,132,340001,34,1,none,84.88838909471359,0.445859872611465,0.3184713375796178,0.07643312101910828,0.1592356687898089,1.4,5.833333333333333,4.166666666666667,2.8,0.38903394255874674,0.005714285714285714,0.38571428571428573,0.6085714285714285,0.0,0.31,0.69,0.0,0.08333333333333333,0.9166666666666666,10.577693700331487,6.082762530298219,0.4442857142857143,1192,700,106.8987906272244
0.09593346987262605,0.070886514001991,0.31869737260779374,0.393979338537626,0.13408279323010444,0.013545722528279281,132,340004,34,4,"PD1,CTLA4",71.3609164649297,0.445859872611465,0.3184713375796178,0.07643312101910828,0.1592356687898089,1.4,5.833333333333333,4.166666666666667,2.8,0.314034444851594,0.004285714285714286,0.36714285714285716,0.6285714285714286,0.002,0.244,0.754,0.0,0.0,1.0,12.24851399624355,7.280109889280518,0.4342857142857143,857,700,106.8987906272244
0.09593346987262605,0.070886514001991,0.31869737260779374,0.393979338537626,0.13408279323010444,0.013545722528279281,132,340003,34,3,CTLA4,110.46795394676646,0.445859872611465,0.3184713375796178,0.07643312101910828,0.1592356687898089,1.4,5.833333333333333,4.166666666666667,2.8,0.3933895009721322,0.004285714285714286,0.3942857142857143,0.6014285714285714,0.0,0.262,0.738,0.0,0.10833333333333334,0.8916666666666667,11.07762840197848,6.324555320336759,0.44571428571428573,1214,700,106.8987906272244
0.12123768765632528,0.09352596681408497,0.8086383758998226,0.25975872515914017,0.102458725829425,0.01767944686625805,109,110003,11,3,CTLA4,107.8130258675423,0.445859872611465,0.3184713375796178,0.07643312101910828,0.1592356687898089,1.4,5.833333333333333,4.166666666666667,2.8,0.39121951219512197,0.007142857142857143,0.37857142857142856,0.6142857142857143,0.0,0.27,0.73,0.0,0.1,0.9,11.0771531185466,6.324555320336759,0.42857142857142855,1203,700,108.29275481708287
0.12123768765632528,0.09352596681408497,0.8086383758998226,0.25975872515914017,0.102458725829425,0.01767944686625805,109,110002,11,2,PD1,170.0208630498841,0.445859872611465,0.3184713375796178,0.07643312101910828,0.1592356687898089,1.4,5.833333333333333,4.166666666666667,2.8,0.34407848633496846,0.004285714285714286,0.38,0.6157142857142858,0.002,0.25,0.748,0.0,0.058333333333333334,0.9416666666666667,11.862766363483637,6.708203932499369,0.44285714285714284,982,700,108.29275481708287
0.12123768765632528,0.09352596681408497,0.8086383758998226,0.25975872515914017,0.102458725829425,0.01767944686625805,109,110004,11,4,"PD1,CTLA4",75.95716005023537,0.445859872611465,0.3184713375796178,0.07643312101910828,0.1592356687898089,1.4,5.833333333333333,4.166666666666667,2.8,0.32443161313605196,0.012857142857142857,0.39714285714285713,0.59,0.0,0.266,0.734,0.0,0.008333333333333333,0.9916666666666667,12.009811117980165,6.082762530298219,0.4614285714285714,899,700,108.29275481708287
0.12123768765632528,0.09352596681408497,0.8086383758998226,0.25975872515914017,0.102458725829425,0.01767944686625805,109,110001,11,1,none,79.37997030066971,0.445859872611465,0.3184713375796178,0.07643312101910828,0.1592356687898089,1.4,5.833333333333333,4.166666666666667,2.8,0.3947623666343356,0.004285714285714286,0.3842857142857143,0.6114285714285714,0.0,0.286,0.714,0.0,0.10833333333333334,0.8916666666666667,11.387091369080187,6.708203932499369,0.4357142857142857,1221,700,108.29275481708287
0.27770632160738495,0.09540805919253906,0.6997213810518605,0.15282485845187274,0.06684197551443571,0.048417820507618684,94,350003,35,3,CTLA4,105.09011346606637,0.445859872611465,0.3184713375796178,0.07643312101910828,0.1592356687898089,1.4,5.833333333333333,4.166666666666667,2.8,0.3953488372093023,0.004285714285714286,0.37,0.6257142857142857,0.0,0.262,0.738,0.0,0.125,0.875,10.908351192651459,6.324555320336759,0.4328571428571429,1224,700,109.89948375301682
0.27770632160738495,0.09540805919253906,0.6997213810518605,0.15282485845187274,0.06684197551443571,0.048417820507618684,94,350004,35,4,"PD1,CTLA4",67.70953553150873,0.445859872611465,0.3184713375796178,0.07643312101910828,0.1592356687898089,1.4,5.833333333333333,4.166666666666667,2.8,0.32418772563176895,0.0,0.34,0.66,0.0,0.226,0.774,0.0,0.0,1.0,12.414029232519468,8.06225774829855,0.4157142857142857,898,700,109.89948375301682
0.27770632160738495,0.09540805919253906,0.6997213810518605,0.15282485845187274,0.06684197551443571,0.048417820507618684,94,350001,35,1,none,85.00517140524275,0.445859872611465,0.3184713375796178,0.07643312101910828,0.1592356687898089,1.4,5.833333333333333,4.166666666666667,2.8,0.40038436899423446,0.004285714285714286,0.40714285714285714,0.5885714285714285,0.004,0.29,0.706,0.0,0.06666666666666667,0.9333333333333333,10.111852131562454,5.385164807134504,0.48428571428571426,1250,700,109.89948375301682
0.27770632160738495,0.09540805919253906,0.6997213810518605,0.15282485845187274,0.06684197551443571,0.048417820507618684,94,350002,35,2,PD1,181.79311460924944,0.445859872611465,0.3184713375796178,0.07643312101910828,0.1592356687898089,1.4,5.833333333333333,4.166666666666667,2.8,0.34107708553326294,0.01,0.3742857142857143,0.6157142857142858,0.0,0.29,0.71,0.0,0.016666666666666666,0.9833333333333333,11.319387383460846,6.4031242374328485,0.4471428571428571,969,700,109.89948375301682
0.23240652954543295,0.11504424742739955,0.5699376137770407,0.20922782707776513,0.08099079862217765,0.029883948595735114,175,190002,19,2,PD1,166.00971503855163,0.445859872611465,0.3184713375796178,0.07643312101910828,0.1592356687898089,1.4,5.833333333333333,4.166666666666667,2.8,0.30201342281879195,0.02,0.35428571428571426,0.6257142857142857,0.006,0.282,0.712,0.0,0.0,1.0,12.209902756921773,6.324555320336759,0.45714285714285713,810,700,110.28186189646033
0.23240652954543295,0.11504424742739955,0.5699376137770407,0.20922782707776513,0.08099079862217765,0.029883948595735114,175,190001,19,1,none,82.88434682530693,0.445859872611465,0.3184713375796178,0.07643312101910828,0.1592356687898089,1.4,5.833333333333333,4.166666666666667,2.8,0.4102079395085066,0.008571428571428572,0.39,0.6014285714285714,0.002,0.286,0.712,0.0,0.18333333333333332,0.8166666666666667,10.972451366469844,6.324555320336759,0.45,1302,700,110.28186189646033
0.23240652954543295,0.11504424742739955,0.5699376137770407,0.20922782707776513,0.08099079862217765,0.029883948595735114,175,190004,19,4,"PD1,CTLA4",71.92982772260008,0.445859872611465,0.3184713375796178,0.07643312101910828,0.1592356687898089,1.4,5.833333333333333,4.166666666666667,2.8,0.2996632996632997,0.005714285714285714,0.38,0.6142857142857143,0.01,0.242,0.748,0.0,0.025,0.975,12.081694481059086,6.324555320336759,0.46285714285714286,801,700,110.28186189646033
0.23240652954543295,0.11504424742739955,0.5699376137770407,0.20922782707776513,0.08099079862217765,0.029883948595735114,175,190003,19,3,CTLA4,120.30355799938263,0.445859872611465,0.3184713375796178,0.07643312101910828,0.1592356687898089,1.4,5.833333333333333,4.166666666666667,2.8,0.40533672172808133,0.005714285714285714,0.39571428571428574,0.5985714285714285,0.004,0.326,0.67,0.0,0.18333333333333332,0.8166666666666667,10.583865088447146,6.082762530298219,0.4442857142857143,1276,700,110.28186189646033
0.06575929227474711,0.04367599457964536,0.4225170630964695,0.30602827591414816,0.14845931221189015,0.0319366175251245,98,480002,48,2,PD1,172.1314105938645,0.445859872611465,0.3184713375796178,0.07643312101910828,0.1592356687898089,1.4,5.833333333333333,4.166666666666667,2.8,0.3575840768702814,0.017142857142857144,0.37857142857142856,0.6042857142857143,0.0,0.258,0.742,0.0,0.06666666666666667,0.9333333333333333,10.28061216800574,5.830951894845301,0.47285714285714286,1042,700,110.41704146906105
0.06575929227474711,0.04367599457964536,0.4225170630964695,0.30602827591414816,0.14845931221189015,0.0319366175251245,98,480001,48,1,none,83.63473652598145,0.445859872611465,0.3184713375796178,0.07643312101910828,0.1592356687898089,1.4,5.833333333333333,4.166666666666667,2.8,0.40946372239747636,0.01,0.39,0.6,0.004,0.298,0.698,0.0,0.11666666666666667,0.8833333333333333,10.134293665094052,6.082762530298219,0.42714285714285716,1298,700,110.41704146906105
0.06575929227474711,0.04367599457964536,0.4225170630964695,0.30602827591414816,0.14845931221189015,0.0319366175251245,98,480003,48,3,CTLA4,114.43800555447983,0.445859872611465,0.3184713375796178,0.07643312101910828,0.1592356687898089,1.4,5.833333333333333,4.166666666666667,2.8,0.4081568131520708,0.004285714285714286,0.38,0.6157142857142858,0.002,0.318,0.68,0.0,0.09166666666666666,0.9083333333333333,10.787917479570739,7.0710678118654755,0.4085714285714286,1291,700,110.41704146906105
0.06575929227474711,0.04367599457964536,0.4225170630964695,0.30602827591414816,0.14845931221189015,0.0319366175251245,98,480004,48,4,"PD1,CTLA4",71.46401320191839,0.445859872611465,0.3184713375796178,0.07643312101910828,0.1592356687898089,1.4,5.833333333333333,4.166666666666667,2.8,0.3515760304814686,0.007142857142857143,0.37285714285714283,0.62,0.0,0.244,0.756,0.0,0.03333333333333333,0.9666666666666667,11.678343408243542,7.0710678118654755,0.43857142857142856,1015,700,110.41704146906105
0.21126177550984837,0.10012481290396526,0.8295519339292998,0.3271630723202408,0.1049139758690046,0.05958702952556401,89,260003,26,3,CTLA4,121.18005826426037,0.445859872611465,0.3184713375796178,0.07643312101910828,0.1592356687898089,1.4,5.833333333333333,4.166666666666667,2.8,0.42559067198527156,0.018571428571428572,0.4042857142857143,0.5771428571428572,0.004,0.326,0.67,0.0,0.1,0.9,10.288012266962816,7.0710678118654755,0.43,1387,700,110.96868241339153
0.21126177550984837,0.10012481290396526,0.8295519339292998,0.3271630723202408,0.1049139758690046,0.05958702952556401,89,260004,26,4,"PD1,CTLA4",75.67439978745894,0.445859872611465,0.3184713375796178,0.07643312101910828,0.1592356687898089,1.4,5.833333333333333,4.166666666666667,2.8,0.37662337662337664,0.008571428571428572,0.3942857142857143,0.5971428571428572,0.002,0.272,0.726,0.0,0.08333333333333333,0.9166666666666666,10.257820543667465,6.4031242374328485,0.4585714285714286,1131,700,110.96868241339153
0.21126177550984837,0.10012481290396526,0.8295519339292998,0.3271630723202408,0.1049139758690046,0.05958702952556401,89,260002,26,2,PD1,158.6866514796848,0.445859872611465,0.3184713375796178,0.07643312101910828,0.1592356687898089,1.4,5.833333333333333,4.166666666666667,2.8,0.36863406408094435,0.005714285714285714,0.36857142857142855,0.6257142857142857,0.002,0.236,0.762,0.0,0.11666666666666667,0.8833333333333333,10.957960607804567,6.324555320336759,0.4342857142857143,1093,700,110.96868241339153
0.21126177550984837,0.10012481290396526,0.8295519339292998,0.3271630723202408,0.1049139758690046,0.05958702952556401,89,260001,26,1,none,88.33362012216203,0.445859872611465,0.3184713375796178,0.07643312101910828,0.1592356687898089,1.4,5.833333333333333,4.166666666666667,2.8,0.42293464858199753,0.011428571428571429,0.40285714285714286,0.5857142857142857,0.006,0.298,0.696,0.0,0.175,0.825,10.377629043424863,7.0,0.43714285714285717,1372,700,110.96868241339153
0.18720494697389933,0.08137807530160233,0.43219264093692045,0.13892823545602162,0.059819597622068246,0.04313074646118201,102,360002,36,2,PD1,171.46383309952571,0.445859872611465,0.3184713375796178,0.07643312101910828,0.1592356687898089,1.4,5.833333333333333,4.166666666666667,2.8,0.32710280373831774,0.018571428571428572,0.3742857142857143,0.6071428571428571,0.01,0.264,0.726,0.0,0.025,0.975,11.414886086274915,7.211102550927978,0.45,910,700,113.08824291881885
0.18720494697389933,0.08137807530160233,0.43219264093692045,0.13892823545602162,0.059819597622068246,0.04313074646118201,102,360001,36,1,none,89.25653444253668,0.445859872611465,0.3184713375796178,0.07643312101910828,0.1592356687898089,1.4,5.833333333333333,4.166666666666667,2.8,0.3927992215374635,0.01,0.4014285714285714,0.5885714285714285,0.0,0.314,0.686,0.0,0.058333333333333334,0.9416666666666667,10.31932442579518,5.656854249492381,0.4642857142857143,1211,700,113.08824291881885
0.18720494697389933,0.08137807530160233,0.43219264093692045,0.13892823545602162,0.059819597622068246,0.04313074646118201,102,360004,36,4,"PD1,CTLA4",75.47311055521317,0.445859872611465,0.3184713375796178,0.07643312101910828,0.1592356687898089,1.4,5.833333333333333,4.166666666666667,2.8,0.3375796178343949,0.004285714285714286,0.3657142857142857,0.63,0.0,0.288,0.712,0.0,0.025,0.975,11.126399857203188,7.0710678118654755,0.42857142857142855,954,700,113.08824291881885
0.18720494697389933,0.08137807530160233,0.43219264093692045,0.13892823545602162,0.059819597622068246,0.04313074646118201,102,360003,36,3,CTLA4,116.15949357799985,0.445859872611465,0.3184713375796178,0.07643312101910828,0.1592356687898089,1.4,5.833333333333333,4.166666666666667,2.8,0.39787713091026056,0.0014285714285714286,0.41,0.5885714285714285,0.002,0.278,0.72,0.0,0.125,0.875,10.566755955027737,5.830951894845301,0.4542857142857143,1237,700,113.08824291881885
0.19959729823894556,0.07839085442990547,0.5539818861902639,0.10962673792716406,0.05663887796983674,0.03669223271662369,197,100003,10,3,CTLA4,134.8590890981935,0.445859872611465,0.3184713375796178,0.07643312101910828,0.1592356687898089,1.4,5.833333333333333,4.166666666666667,2.8,0.42576687116564416,0.024285714285714285,0.44857142857142857,0.5271428571428571,0.004,0.338,0.658,0.0,0.15833333333333333,0.8416666666666667,9.670312508667665,5.0990195135927845,0.48857142857142855,1388,700,114.54278443464854
0.19959729823894556,0.07839085442990547,0.5539818861902639,0.10962673792716406,0.05663887796983674,0.03669223271662369,197,100002,10,2,PD1,154.76525427929414,0.445859872611465,0.3184713375796178,0.07643312101910828,0.1592356687898089,1.4,5.833333333333333,4.166666666666667,2.8,0.28848346636259975,0.022857142857142857,0.3628571428571429,0.6142857142857143,0.01,0.238,0.752,0.0,0.03333333333333333,0.9666666666666667,11.890127509098809,5.385164807134504,0.4785714285714286,759,700,114.54278443464854
0.19959729823894556,0.07839085442990547,0.5539818861902639,0.10962673792716406,0.05663887796983674,0.03669223271662369,197,100001,10,1,none,98.91135509240462,0.445859872611465,0.3184713375796178,0.07643312101910828,0.1592356687898089,1.4,5.833333333333333,4.166666666666667,2.8,0.4120603015075377,0.007142857142857143,0.4,0.5928571428571429,0.002,0.344,0.654,0.0,0.16666666666666666,0.8333333333333334,9.943662420656938,5.830951894845301,0.46285714285714286,1312,700,114.54278443464854
0.19959729823894556,0.07839085442990547,0.5539818861902639,0.10962673792716406,0.05663887796983674,0.03669223271662369,197,100004,10,4,"PD1,CTLA4",69.6354392687019,0.445859872611465,0.3184713375796178,0.07643312101910828,0.1592356687898089,1.4,5.833333333333333,4.166666666666667,2.8,0.3012318029115342,0.012857142857142857,0.33285714285714285,0.6542857142857142,0.006,0.256,0.738,0.0,0.016666666666666666,0.9833333333333333,13.226004487224728,7.810249675906654,0.41,807,700,114.54278443464854
0.09089234935273771,0.05336867592481963,0.8169792870461283,0.3967230078384859,0.1221848723042862,0.02702978344980827,188,290002,29,2,PD1,193.57932854842988,0.445859872611465,0.3184713375796178,0.07643312101910828,0.1592356687898089,1.4,5.833333333333333,4.166666666666667,2.8,0.33380782918149465,0.03,0.39285714285714285,0.5771428571428572,0.012,0.288,0.7,0.0,0.03333333333333333,0.9666666666666667,11.60547028809771,5.743903072168841,0.4857142857142857,938,700,120.45543893966163
0.09089234935273771,0.05336867592481963,0.8169792870461283,0.3967230078384859,0.1221848723042862,0.02702978344980827,188,290004,29,4,"PD1,CTLA4",69.45568316671144,0.445859872611465,0.3184713375796178,0.07643312101910828,0.1592356687898089,1.4,5.833333333333333,4.166666666666667,2.8,0.3254054054054054,0.0014285714285714286,0.36428571428571427,0.6342857142857142,0.002,0.23,0.768,0.0,0.041666666666666664,0.9583333333333334,12.661429764757564,7.810249675906654,0.4257142857142857,903,700,120.45543893966163
0.09089234935273771,0.05336867592481963,0.8169792870461283,0.3967230078384859,0.1221848723042862,0.02702978344980827,188,290001,29,1,none,92.25847772863773,0.445859872611465,0.3184713375796178,0.07643312101910828,0.1592356687898089,1.4,5.833333333333333,4.166666666666667,2.8,0.4127979924717691,0.005714285714285714,0.40285714285714286,0.5914285714285714,0.002,0.312,0.686,0.0,0.19166666666666668,0.8083333333333333,9.89524124803972,5.830951894845301,0.46714285714285714,1316,700,120.45543893966163
0.09089234935273771,0.05336867592481963,0.8169792870461283,0.3967230078384859,0.1221848723042862,0.02702978344980827,188,290003,29,3,CTLA4,126.52826631486748,0.445859872611465,0.3184713375796178,0.07643312101910828,0.1592356687898089,1.4,5.833333333333333,4.166666666666667,2.8,0.4120603015075377,0.01,0.44,0.55,0.006,0.3,0.694,0.0,0.1,0.9,10.013760328339568,5.656854249492381,0.4742857142857143,1312,700,120.45543893966163
0.08429398792831777,0.1191142096849651,0.6561494972413695,0.14686748781237505,0.14129027464415575,0.038268772641439394,92,240004,24,4,"PD1,CTLA4",73.46892975244427,0.445859872611465,0.3184713375796178,0.07643312101910828,0.1592356687898089,1.4,5.833333333333333,4.166666666666667,2.8,0.3817701453104359,0.007142857142857143,0.37285714285714283,0.62,0.0,0.268,0.732,0.0,0.075,0.925,10.71246807950486,6.324555320336759,0.4471428571428571,1156,700,120.65370073738208
0.08429398792831777,0.1191142096849651,0.6561494972413695,0.14686748781237505,0.14129027464415575,0.038268772641439394,92,240001,24,1,none,80.9198625186488,0.445859872611465,0.3184713375796178,0.07643312101910828,0.1592356687898089,1.4,5.833333333333333,4.166666666666667,2.8,0.42523794903285234,0.03142857142857143,0.39285714285714285,0.5757142857142857,0.006,0.284,0.71,0.0,0.1,0.9,10.043893799796525,6.082762530298219,0.44857142857142857,1385,700,120.65370073738208
0.08429398792831777,0.1191142096849651,0.6561494972413695,0.14686748781237505,0.14129027464415575,0.038268772641439394,92,240003,24,3,CTLA4,120.37105573939645,0.445859872611465,0.3184713375796178,0.07643312101910828,0.1592356687898089,1.4,5.833333333333333,4.166666666666667,2.8,0.41481713035323536,0.011428571428571429,0.4042857142857143,0.5842857142857143,0.002,0.32,0.678,0.0,0.125,0.875,10.33942779982784,5.385164807134504,0.4714285714285714,1327,700,120.65370073738208
0.08429398792831777,0.1191142096849651,0.6561494972413695,0.14686748781237505,0.14129027464415575,0.038268772641439394,92,240002,24,2,PD1,207.85495493903878,0.445859872611465,0.3184713375796178,0.07643312101910828,0.1592356687898089,1.4,5.833333333333333,4.166666666666667,2.8,0.3741223671013039,0.014285714285714285,0.40714285714285714,0.5785714285714286,0.004,0.298,0.698,0.0,0.06666666666666667,0.9333333333333333,10.450657354582752,5.385164807134504,0.48428571428571426,1119,700,120.65370073738208
0.13633003131876043,0.06720779103784608,0.7726487766919643,0.4640789773849686,0.07076691723373162,0.03518746864125908,186,170002,17,2,PD1,189.03207976435507,0.445859872611465,0.3184713375796178,0.07643312101910828,0.1592356687898089,1.4,5.833333333333333,4.166666666666667,2.8,0.33190578158458245,0.02,0.37857142857142856,0.6014285714285714,0.012,0.3,0.688,0.0,0.05,0.95,11.239740100898103,6.0,0.45285714285714285,930,700,123.03950135871965
0.13633003131876043,0.06720779103784608,0.7726487766919643,0.4640789773849686,0.07076691723373162,0.03518746864125908,186,170001,17,1,none,97.58946115133732,0.445859872611465,0.3184713375796178,0.07643312101910828,0.1592356687898089,1.4,5.833333333333333,4.166666666666667,2.8,0.42115027829313545,0.004285714285714286,0.4142857142857143,0.5814285714285714,0.006,0.326,0.668,0.0,0.16666666666666666,0.8333333333333334,9.798895778236885,5.830951894845301,0.4614285714285714,1362,700,123.03950135871965
0.13633003131876043,0.06720779103784608,0.7726487766919643,0.4640789773849686,0.07076691723373162,0.03518746864125908,186,170004,17,4,"PD1,CTLA4",72.43059407032165,0.445859872611465,0.3184713375796178,0.07643312101910828,0.1592356687898089,1.4,5.833333333333333,4.166666666666667,2.8,0.31100478468899523,0.0,0.3842857142857143,0.6157142857142858,0.0,0.242,0.758,0.0,0.016666666666666666,0.9833333333333333,12.166419790355109,6.4031242374328485,0.45714285714285713,845,700,123.03950135871965
0.13633003131876043,0.06720779103784608,0.7726487766919643,0.4640789773849686,0.07076691723373162,0.03518746864125908,186,170003,17,3,CTLA4,133.10587044886452,0.445859872611465,0.3184713375796178,0.07643312101910828,0.1592356687898089,1.4,5.833333333333333,4.166666666666667,2.8,0.42576687116564416,0.005714285714285714,0.4514285714285714,0.5428571428571428,0.01,0.32,0.67,0.0,0.16666666666666666,0.8333333333333334,9.487483819823888,5.242092160363644,0.49,1388,700,123.03950135871965
0.14980984176703258,0.05980261547682672,0.7911879953142276,0.25008041623420363,0.11698672780042034,0.049834877072069524,106,390003,39,3,CTLA4,127.56235908610746,0.445859872611465,0.3184713375796178,0.07643312101910828,0.1592356687898089,1.4,5.833333333333333,4.166666666666667,2.8,0.4198946389835761,0.022857142857142857,0.42428571428571427,0.5528571428571428,0.002,0.328,0.67,0.0,0.18333333333333332,0.8166666666666667,10.462370711647738,6.0,0.47,1355,700,123.96748109826888
0.14980984176703258,0.05980261547682672,0.7911879953142276,0.25008041623420363,0.11698672780042034,0.049834877072069524,106,390004,39,4,"PD1,CTLA4",73.71065271560092,0.445859872611465,0.3184713375796178,0.07643312101910828,0.1592356687898089,1.4,5.833333333333333,4.166666666666667,2.8,0.3716012084592145,0.008571428571428572,0.3942857142857143,0.5971428571428572,0.006,0.254,0.74,0.0,0.11666666666666667,0.8833333333333333,11.235473369639248,8.365746312736945,0.42428571428571427,1107,700,123.96748109826888
0.14980984176703258,0.05980261547682672,0.7911879953142276,0.25008041623420363,0.11698672780042034,0.049834877072069524,106,390001,39,1,none,113.48592526600153,0.445859872611465,0.3184713375796178,0.07643312101910828,0.1592356687898089,1.4,5.833333333333333,4.166666666666667,2.8,0.42752293577981654,0.017142857142857144,0.4514285714285714,0.5314285714285715,0.002,0.352,0.646,0.0,0.15,0.85,9.609312142766983,5.0990195135927845,0.49142857142857144,1398,700,123.96748109826888
0.14980984176703258,0.05980261547682672,0.7911879953142276,0.25008041623420363,0.11698672780042034,0.049834877072069524,106,390002,39,2,PD1,181.1109873253656,0.445859872611465,0.3184713375796178,0.07643312101910828,0.1592356687898089,1.4,5.833333333333333,4.166666666666667,2.8,0.34107708553326294,0.018571428571428572,0.3757142857142857,0.6057142857142858,0.0,0.286,0.714,0.0,0.016666666666666666,0.9833333333333333,11.196173452162828,6.0,0.44857142857142857,969,700,123.96748109826888
0.08882237988937591,0.10584361571639518,0.48769699774141084,0.189867861309132,0.03885594816211431,0.034882040959148604,122,310002,31,2,PD1,196.22065044000325,0.445859872611465,0.3184713375796178,0.07643312101910828,0.1592356687898089,1.4,5.833333333333333,4.166666666666667,2.8,0.3641304347826087,0.005714285714285714,0.38571428571428573,0.6085714285714285,0.0,0.304,0.696,0.0,0.10833333333333334,0.8916666666666667,11.046650307559464,6.041381265149109,0.44857142857142857,1072,700,126.07158868278512
0.08882237988937591,0.10584361571639518,0.48769699774141084,0.189867861309132,0.03885594816211431,0.034882040959148604,122,310001,31,1,none,107.59643110976042,0.445859872611465,0.3184713375796178,0.07643312101910828,0.1592356687898089,1.4,5.833333333333333,4.166666666666667,2.8,0.4206128133704735,0.024285714285714285,0.4442857142857143,0.5314285714285715,0.006,0.33,0.664,0.0,0.2,0.8,10.099348773759203,5.0990195135927845,0.4942857142857143,1359,700,126.07158868278512
0.08882237988937591,0.10584361571639518,0.48769699774141084,0.189867861309132,0.03885594816211431,0.034882040959148604,122,310004,31,4,"PD1,CTLA4",77.71902461378443,0.445859872611465,0.3184713375796178,0.07643312101910828,0.1592356687898089,1.4,5.833333333333333,4.166666666666667,2.8,0.3595620937393089,0.0014285714285714286,0.40714285714285714,0.5914285714285714,0.0,0.278,0.722,0.0,0.05,0.95,11.19390824621253,5.0990195135927845,0.4942857142857143,1051,700,126.07158868278512
0.08882237988937591,0.10584361571639518,0.48769699774141084,0.189867861309132,0.03885594816211431,0.034882040959148604,122,310003,31,3,CTLA4,122.75024856759241,0.445859872611465,0.3184713375796178,0.07643312101910828,0.1592356687898089,1.4,5.833333333333333,4.166666666666667,2.8,0.41809138949331676,0.015714285714285715,0.4057142857142857,0.5785714285714286,0.002,0.334,0.664,0.0,0.11666666666666667,0.8833333333333333,10.180206067680055,5.830951894845301,0.4614285714285714,1345,700,126.07158868278512
0.15566130156514038,0.06035709136928734,0.3592091368184892,0.4807567518610846,0.11210188448877474,0.04630589223460096,149,300001,30,1,none,125.69844315322023,0.445859872611465,0.3184713375796178,0.07643312101910828,0.1592356687898089,1.4,5.833333333333333,4.166666666666667,2.8,0.42559067198527156,0.014285714285714285,0.4614285714285714,0.5242857142857142,0.004,0.388,0.608,0.0,0.10833333333333334,0.8916666666666667,9.555932808414942,5.385164807134504,0.48,1387,700,126.2844153214989
0.15566130156514038,0.06035709136928734,0.3592091368184892,0.4807567518610846,0.11210188448877474,0.04630589223460096,149,300004,30,4,"PD1,CTLA4",76.7887525044381,0.445859872611465,0.3184713375796178,0.07643312101910828,0.1592356687898089,1.4,5.833333333333333,4.166666666666667,2.8,0.3328581610833927,0.002857142857142857,0.39285714285714285,0.6042857142857143,0.004,0.28,0.716,0.0,0.03333333333333333,0.9666666666666667,11.766856036627534,6.0,0.4657142857142857,934,700,126.2844153214989
0.15566130156514038,0.06035709136928734,0.3592091368184892,0.4807567518610846,0.11210188448877474,0.04630589223460096,149,300003,30,3,CTLA4,142.4319026536539,0.445859872611465,0.3184713375796178,0.07643312101910828,0.1592356687898089,1.4,5.833333333333333,4.166666666666667,2.8,0.4215080346106304,0.017142857142857144,0.4514285714285714,0.5314285714285715,0.01,0.38,0.61,0.0,0.06666666666666667,0.9333333333333333,9.503809554929644,5.0,0.5014285714285714,1364,700,126.2844153214989
0.15566130156514038,0.06035709136928734,0.3592091368184892,0.4807567518610846,0.11210188448877474,0.04630589223460096,149,300002,30,2,PD1,160.21856297468335,0.445859872611465,0.3184713375796178,0.07643312101910828,0.1592356687898089,1.4,5.833333333333333,4.166666666666667,2.8,0.33664068036853295,0.011428571428571429,0.35428571428571426,0.6342857142857142,0.004,0.268,0.728,0.0,0.03333333333333333,0.9666666666666667,11.570143680996914,6.708203932499369,0.4342857142857143,950,700,126.2844153214989
0.15311212879747585,0.10829875065427672,0.36944716934322586,0.3441099839201316,0.11898916758936665,0.03780179415802597,115,50002,5,2,PD1,196.58778580224703,0.445859872611465,0.3184713375796178,0.07643312101910828,0.1592356687898089,1.4,5.833333333333333,4.166666666666667,2.8,0.3385159010600707,0.007142857142857143,0.41285714285714287,0.58,0.002,0.26,0.738,0.0,0.06666666666666667,0.9333333333333333,11.371931166260971,6.0,0.47,958,700,127.44432288734092
0.15311212879747585,0.10829875065427672,0.36944716934322586,0.3441099839201316,0.11898916758936665,0.03780179415802597,115,50001,5,1,none,105.46977886534376,0.445859872611465,0.3184713375796178,0.07643312101910828,0.1592356687898089,1.4,5.833333333333333,4.166666666666667,2.8,0.41518275538894095,0.012857142857142857,0.42,0.5671428571428572,0.008,0.352,0.64,0.0,0.15,0.85,10.368808615106579,5.0990195135927845,0.48,1329,700,127.44432288734092
0.15311212879747585,0.10829875065427672,0.36944716934322586,0.3441099839201316,0.11898916758936665,0.03780179415802597,115,50004,5,4,"PD1,CTLA4",74.39853795070881,0.445859872611465,0.3184713375796178,0.07643312101910828,0.1592356687898089,1.4,5.833333333333333,4.166666666666667,2.8,0.3560371517027864,0.005714285714285714,0.38857142857142857,0.6057142857142858,0.0,0.264,0.736,0.0,0.075,0.925,11.085045671006075,6.4031242374328485,0.44,1035,700,127.44432288734092
0.15311212879747585,0.10829875065427672,0.36944716934322586,0.3441099839201316,0.11898916758936665,0.03780179415802597,115,50003,5,3,CTLA4,133.32118893106409,0.445859872611465,0.3184713375796178,0.07643312101910828,0.1592356687898089,1.4,5.833333333333333,4.166666666666667,2.8,0.41899441340782123,0.02,0.43857142857142856,0.5414285714285715,0.002,0.348,0.65,0.0,0.08333333333333333,0.9166666666666666,9.910090202270554,5.385164807134504,0.48142857142857143,1350,700,127.44432288734092
0.16484275853802577,0.1063222745016068,0.3877783265796001,0.10651149421493737,0.14339817049893022,0.05887029628739619,116,200001,20,1,none,100.0962803824405,0.445859872611465,0.3184713375796178,0.07643312101910828,0.1592356687898089,1.4,5.833333333333333,4.166666666666667,2.8,0.43733092876465285,0.025714285714285714,0.43142857142857144,0.5428571428571428,0.004,0.326,0.67,0.0,0.09166666666666666,0.9083333333333333,9.68527573929272,5.0990195135927845,0.4957142857142857,1455,700,128.08548242314689
0.16484275853802577,0.1063222745016068,0.3877783265796001,0.10651149421493737,0.14339817049893022,0.05887029628739619,116,200002,20,2,PD1,191.01584109513715,0.445859872611465,0.3184713375796178,0.07643312101910828,0.1592356687898089,1.4,5.833333333333333,4.166666666666667,2.8,0.39807073954983924,0.015714285714285715,0.38142857142857145,0.6028571428571429,0.004,0.298,0.698,0.0,0.11666666666666667,0.8833333333333333,10.581587841323277,6.324555320336759,0.4228571428571429,1238,700,128.08548242314689
0.16484275853802577,0.1063222745016068,0.3877783265796001,0.10651149421493737,0.14339817049893022,0.05887029628739619,116,200003,20,3,CTLA4,143.1079962135399,0.445859872611465,0.3184713375796178,0.07643312101910828,0.1592356687898089,1.4,5.833333333333333,4.166666666666667,2.8,0.4313487241798299,0.03,0.45285714285714285,0.5171428571428571,0.016,0.38,0.604,0.0,0.15833333333333333,0.8416666666666667,10.02105144251346,5.0,0.5042857142857143,1420,700,128.08548242314689
0.16484275853802577,0.1063222745016068,0.3877783265796001,0.10651149421493737,0.14339817049893022,0.05887029628739619,116,200004,20,4,"PD1,CTLA4",78.12181200146996,0.445859872611465,0.3184713375796178,0.07643312101910828,0.1592356687898089,1.4,5.833333333333333,4.166666666666667,2.8,0.38843515191114014,0.005714285714285714,0.42714285714285716,0.5671428571428572,0.0,0.266,0.734,0.0,0.08333333333333333,0.9166666666666666,10.067383384268224,5.0990195135927845,0.4942857142857143,1189,700,128.08548242314689
0.10276365023794955,0.0918917616300458,0.612734444035284,0.31629189376289746,0.07340551523927226,0.030127428603467538,179,430003,43,3,CTLA4,131.76739633658147,0.445859872611465,0.3184713375796178,0.07643312101910828,0.1592356687898089,1.4,5.833333333333333,4.166666666666667,2.8,0.42382271468144045,0.015714285714285715,0.42714285714285716,0.5571428571428572,0.008,0.338,0.654,0.0,0.23333333333333334,0.7666666666666667,9.74489476777971,5.0,0.5028571428571429,1377,700,129.38376955491663
0.10276365023794955,0.0918917616300458,0.612734444035284,0.31629189376289746,0.07340551523927226,0.030127428603467538,179,430001,43,1,none,111.53237767989246,0.445859872611465,0.3184713375796178,0.07643312101910828,0.1592356687898089,1.4,5.833333333333333,4.166666666666667,2.8,0.4308300395256917,0.03,0.4442857142857143,0.5257142857142857,0.004,0.346,0.65,0.0,0.19166666666666668,0.8083333333333333,9.487634061845142,5.0,0.5028571428571429,1417,700,129.38376955491663
0.10276365023794955,0.0918917616300458,0.612734444035284,0.31629189376289746,0.07340551523927226,0.030127428603467538,179,430004,43,4,"PD1,CTLA4",74.49667091349987,0.445859872611465,0.3184713375796178,0.07643312101910828,0.1592356687898089,1.4,5.833333333333333,4.166666666666667,2.8,0.35135135135135137,0.011428571428571429,0.36857142857142855,0.62,0.004,0.28,0.716,0.0,0.058333333333333334,0.9416666666666667,11.472725657767848,6.708203932499369,0.42142857142857143,1014,700,129.38376955491663
0.10276365023794955,0.0918917616300458,0.612734444035284,0.31629189376289746,0.07340551523927226,0.030127428603467538,179,430002,43,2,PD1,199.73863328969273,0.445859872611465,0.3184713375796178,0.07643312101910828,0.1592356687898089,1.4,5.833333333333333,4.166666666666667,2.8,0.3472803347280335,0.027142857142857142,0.39,0.5828571428571429,0.01,0.306,0.684,0.0,0.08333333333333333,0.9166666666666666,11.115673492357864,5.656854249492381,0.47714285714285715,996,700,129.38376955491663
0.12539634545550538,0.05120898207432195,0.7369877214604285,0.22977328274391925,0.03605342647344334,0.056939946087812096,159,400003,40,3,CTLA4,142.7211733417388,0.445859872611465,0.3184713375796178,0.07643312101910828,0.1592356687898089,1.4,5.833333333333333,4.166666666666667,2.8,0.44582593250444047,0.037142857142857144,0.4585714285714286,0.5042857142857143,0.022,0.36,0.618,0.0,0.20833333333333334,0.7916666666666666,8.695666366120546,4.47213595499958,0.5328571428571428,1506,700,136.8974865771473
0.12539634545550538,0.05120898207432195,0.7369877214604285,0.22977328274391925,0.03605342647344334,0.056939946087812096,159,400004,40,4,"PD1,CTLA4",80.21915735822822,0.445859872611465,0.3184713375796178,0.07643312101910828,0.1592356687898089,1.4,5.833333333333333,4.166666666666667,2.8,0.3709677419354839,0.02,0.4042857142857143,0.5757142857142857,0.002,0.304,0.694,0.0,0.08333333333333333,0.9166666666666666,10.088872242379916,5.656854249492381,0.4785714285714286,1104,700,136.8974865771473
0.12539634545550538,0.05120898207432195,0.7369877214604285,0.22977328274391925,0.03605342647344334,0.056939946087812096,159,400001,40,1,none,144.18079741504718,0.445859872611465,0.3184713375796178,0.07643312101910828,0.1592356687898089,1.4,5.833333333333333,4.166666666666667,2.8,0.4551804423748545,0.03571428571428571,0.4828571428571429,0.48142857142857143,0.02,0.418,0.562,0.008333333333333333,0.19166666666666668,0.8,8.784689088513264,5.0,0.5157142857142857,1564,700,136.8974865771473
0.12539634545550538,0.05120898207432195,0.7369877214604285,0.22977328274391925,0.03605342647344334,0.056939946087812096,159,400002,40,2,PD1,180.46881819357503,0.445859872611465,0.3184713375796178,0.07643312101910828,0.1592356687898089,1.4,5.833333333333333,4.166666666666667,2.8,0.3852216748768473,0.04428571428571428,0.37,0.5857142857142857,0.022,0.28,0.698,0.0,0.21666666666666667,0.7833333333333333,9.5467451280564,6.0,0.45714285714285713,1173,700,136.8974865771473
0.0797624736961303,0.0854114162288687,0.37505803980601615,0.35382792628777104,0.033708252908933915,0.04795042892107385,139,450003,45,3,CTLA4,150.39900311741724,0.445859872611465,0.3184713375796178,0.07643312101910828,0.1592356687898089,1.4,5.833333333333333,4.166666666666667,2.8,0.4383438343834383,0.017142857142857144,0.48857142857142855,0.4942857142857143,0.008,0.364,0.628,0.0,0.058333333333333334,0.9416666666666667,8.755669552981319,4.242640687119285,0.5642857142857143,1461,700,137.71981837747194
0.0797624736961303,0.0854114162288687,0.37505803980601615,0.35382792628777104,0.033708252908933915,0.04795042892107385,139,450002,45,2,PD1,207.20453386590984,0.445859872611465,0.3184713375796178,0.07643312101910828,0.1592356687898089,1.4,5.833333333333333,4.166666666666667,2.8,0.38683262364886994,0.005714285714285714,0.39714285714285713,0.5971428571428572,0.006,0.31,0.684,0.0,0.125,0.875,10.605341421852073,5.656854249492381,0.4542857142857143,1181,700,137.71981837747194
0.0797624736961303,0.0854114162288687,0.37505803980601615,0.35382792628777104,0.033708252908933915,0.04795042892107385,139,450004,45,4,"PD1,CTLA4",78.99769599572953,0.445859872611465,0.3184713375796178,0.07643312101910828,0.1592356687898089,1.4,5.833333333333333,4.166666666666667,2.8,0.3696969696969697,0.014285714285714285,0.3657142857142857,0.62,0.0,0.322,0.678,0.0,0.15,0.85,10.49222445138989,6.4031242374328485,0.42428571428571427,1098,700,137.71981837747194
0.0797624736961303,0.0854114162288687,0.37505803980601615,0.35382792628777104,0.033708252908933915,0.04795042892107385,139,450001,45,1,none,114.27804053083108,0.445859872611465,0.3184713375796178,0.07643312101910828,0.1592356687898089,1.4,5.833333333333333,4.166666666666667,2.8,0.44052600119545726,0.04285714285714286,0.4471428571428571,0.51,0.01,0.356,0.634,0.0,0.16666666666666666,0.8333333333333334,9.350461521931765,5.0990195135927845,0.49142857142857144,1474,700,137.71981837747194
0.05180792950228945,0.03222913249376316,0.609800908918722,0.29763982313844123,0.06677961406560372,0.045430191899258954,191,20002,2,2,PD1,172.37808510854484,0.445859872611465,0.3184713375796178,0.07643312101910828,0.1592356687898089,1.4,5.833333333333333,4.166666666666667,2.8,0.3542600896860987,0.02857142857142857,0.37285714285714283,0.5985714285714285,0.008,0.268,0.724,0.0,0.075,0.925,10.3962885500309,6.082762530298219,0.4585714285714286,1027,700,140.3679211685467
0.05180792950228945,0.03222913249376316,0.609800908918722,0.29763982313844123,0.06677961406560372,0.045430191899258954,191,20004,2,4,"PD1,CTLA4",79.23394760520064,0.445859872611465,0.3184713375796178,0.07643312101910828,0.1592356687898089,1.4,5.833333333333333,4.166666666666667,2.8,0.35802469135802467,0.017142857142857144,0.3942857142857143,0.5885714285714285,0.004,0.302,0.694,0.0,0.058333333333333334,0.9416666666666667,11.098809633766459,6.324555320336759,0.44857142857142857,1044,700,140.3679211685467
0.05180792950228945,0.03222913249376316,0.609800908918722,0.29763982313844123,0.06677961406560372,0.045430191899258954,191,20001,2,1,none,121.58611542073095,0.445859872611465,0.3184713375796178,0.07643312101910828,0.1592356687898089,1.4,5.833333333333333,4.166666666666667,2.8,0.4446751705725304,0.02857142857142857,0.4614285714285714,0.51,0.008,0.372,0.62,0.0,0.13333333333333333,0.8666666666666667,9.323475151786845,5.0,0.5085714285714286,1499,700,140.3679211685467
0.05180792950228945,0.03222913249376316,0.609800908918722,0.29763982313844123,0.06677961406560372,0.045430191899258954,191,20003,2,3,CTLA4,188.27353653971036,0.445859872611465,0.3184713375796178,0.07643312101910828,0.1592356687898089,1.4,5.833333333333333,4.166666666666667,2.8,0.4588031222896791,0.03,0.55,0.42,0.014,0.454,0.532,0.0,0.175,0.825,8.01444505344343,4.0,0.59,1587,700,140.3679211685467
0.19284399628594578,0.11379923008909314,0.888695626865682,0.2758973655096377,0.09194240255688944,0.051561806099742355,142,60004,6,4,"PD1,CTLA4",77.35392907074275,0.445859872611465,0.3184713375796178,0.07643312101910828,0.1592356687898089,1.4,5.833333333333333,4.166666666666667,2.8,0.3827893175074184,0.005714285714285714,0.40285714285714286,0.5914285714285714,0.004,0.28,0.716,0.0,0.075,0.925,11.38870937468834,6.0,0.45285714285714285,1161,700,146.1541571511999
0.19284399628594578,0.11379923008909314,0.888695626865682,0.2758973655096377,0.09194240255688944,0.051561806099742355,142,60001,6,1,none,133.19235541952864,0.445859872611465,0.3184713375796178,0.07643312101910828,0.1592356687898089,1.4,5.833333333333333,4.166666666666667,2.8,0.4337568058076225,0.027142857142857142,0.47714285714285715,0.4957142857142857,0.016,0.394,0.59,0.0,0.15,0.85,9.00848925029058,5.0,0.5342857142857143,1434,700,146.1541571511999
0.19284399628594578,0.11379923008909314,0.888695626865682,0.2758973655096377,0.09194240255688944,0.051561806099742355,142,60002,6,2,PD1,223.26927243727567,0.445859872611465,0.3184713375796178,0.07643312101910828,0.1592356687898089,1.4,5.833333333333333,4.166666666666667,2.8,0.3898305084745763,0.017142857142857144,0.39714285714285713,0.5857142857142857,0.0,0.342,0.658,0.0,0.15,0.85,10.118916303227287,6.082762530298219,0.44857142857142857,1196,700,146.1541571511999
0.19284399628594578,0.11379923008909314,0.888695626865682,0.2758973655096377,0.09194240255688944,0.051561806099742355,142,60003,6,3,CTLA4,150.8010716772526,0.445859872611465,0.3184713375796178,0.07643312101910828,0.1592356687898089,1.4,5.833333333333333,4.166666666666667,2.8,0.43783783783783786,0.018571428571428572,0.48142857142857143,0.5,0.008,0.38,0.612,0.0,0.13333333333333333,0.8666666666666667,9.022083849609436,5.0,0.5142857142857142,1458,700,146.1541571511999
0.11706852798835699,0.06930218272207427,0.4991067126059018,0.1266650054910377,0.029208548692522728,0.050693346781548534,198,490002,49,2,PD1,204.20366882225593,0.445859872611465,0.3184713375796178,0.07643312101910828,0.1592356687898089,1.4,5.833333333333333,4.166666666666667,2.8,0.3634818089085345,0.017142857142857144,0.39571428571428574,0.5871428571428572,0.008,0.302,0.69,0.0,0.16666666666666666,0.8333333333333334,10.354237475718794,5.656854249492381,0.46714285714285714,1069,700,150.3213115418678
0.11706852798835699,0.06930218272207427,0.4991067126059018,0.1266650054910377,0.029208548692522728,0.050693346781548534,198,490004,49,4,"PD1,CTLA4",75.02298327102295,0.445859872611465,0.3184713375796178,0.07643312101910828,0.1592356687898089,1.4,5.833333333333333,4.166666666666667,2.8,0.3522491349480969,0.011428571428571429,0.38142857142857145,0.6071428571428571,0.004,0.276,0.72,0.0,0.075,0.925,11.317086306397519,6.708203932499369,0.43857142857142856,1018,700,150.3213115418678
0.11706852798835699,0.06930218272207427,0.4991067126059018,0.1266650054910377,0.029208548692522728,0.050693346781548534,198,490003,49,3,CTLA4,160.03127441921944,0.445859872611465,0.3184713375796178,0.07643312101910828,0.1592356687898089,1.4,5.833333333333333,4.166666666666667,2.8,0.4666666666666667,0.018571428571428572,0.49,0.49142857142857144,0.014,0.404,0.582,0.0,0.21666666666666667,0.7833333333333333,8.017804022768567,5.049509756796392,0.5,1638,700,150.3213115418678
0.11706852798835699,0.06930218272207427,0.4991067126059018,0.1266650054910377,0.029208548692522728,0.050693346781548534,198,490001,49,1,none,162.02731965497284,0.445859872611465,0.3184713375796178,0.07643312101910828,0.1592356687898089,1.4,5.833333333333333,4.166666666666667,2.8,0.4550218340611354,0.015714285714285715,0.53,0.4542857142857143,0.014,0.42,0.566,0.0,0.25833333333333336,0.7416666666666667,9.21611373438775,5.0,0.5085714285714286,1563,700,150.3213115418678
0.06420751701395783,0.0379860707862363,0.5085036981675788,0.47469805998047154,0.05278717323923676,0.05383977464844918,182,420003,42,3,CTLA4,159.23963401189496,0.445859872611465,0.3184713375796178,0.07643312101910828,0.1592356687898089,1.4,5.833333333333333,4.166666666666667,2.8,0.446481371969249,0.02857142857142857,0.4857142857142857,0.4857142857142857,0.024,0.4,0.576,0.0,0.24166666666666667,0.7583333333333333,9.142173466371457,5.0,0.5014285714285714,1510,700,156.2746120162198
0.06420751701395783,0.0379860707862363,0.5085036981675788,0.47469805998047154,0.05278717323923676,0.05383977464844918,182,420004,42,4,"PD1,CTLA4",97.41912968848034,0.445859872611465,0.3184713375796178,0.07643312101910828,0.1592356687898089,1.4,5.833333333333333,4.166666666666667,2.8,0.41076487252124644,0.11857142857142858,0.44571428571428573,0.4357142857142857,0.06,0.39,0.55,0.0,0.19166666666666668,0.8083333333333333,8.251755644676111,4.242640687119285,0.5542857142857143,1305,700,156.2746120162198
0.06420751701395783,0.0379860707862363,0.5085036981675788,0.47469805998047154,0.05278717323923676,0.05383977464844918,182,420001,42,1,none,144.68822617527235,0.445859872611465,0.3184713375796178,0.07643312101910828,0.1592356687898089,1.4,5.833333333333333,4.166666666666667,2.8,0.45279158140894477,0.02142857142857143,0.5142857142857142,0.4642857142857143,0.024,0.394,0.582,0.0,0.16666666666666666,0.8333333333333334,8.59886808506433,4.47213595499958,0.54,1549,700,156.2746120162198
0.06420751701395783,0.0379860707862363,0.5085036981675788,0.47469805998047154,0.05278717323923676,0.05383977464844918,182,420002,42,2,PD1,223.75145818923158,0.445859872611465,0.3184713375796178,0.07643312101910828,0.1592356687898089,1.4,5.833333333333333,4.166666666666667,2.8,0.3811570247933884,0.012857142857142857,0.41,0.5771428571428572,0.004,0.326,0.67,0.0,0.125,0.875,10.27306704991461,5.0990195135927845,0.4928571428571429,1153,700,156.2746120162198
0.07462985016640485,0.05578062849734433,0.7954496129814967,0.21531103032406462,0.12858429874838972,0.055042377356829396,166,230002,23,2,PD1,234.67554264919187,0.445859872611465,0.3184713375796178,0.07643312101910828,0.1592356687898089,1.4,5.833333333333333,4.166666666666667,2.8,0.39787713091026056,0.015714285714285715,0.43857142857142856,0.5457142857142857,0.008,0.302,0.69,0.0,0.14166666666666666,0.8583333333333333,9.660010058853615,5.0,0.51,1237,700,160.27539058443347
0.07462985016640485,0.05578062849734433,0.7954496129814967,0.21531103032406462,0.12858429874838972,0.055042377356829396,166,230001,23,1,none,137.7561863154257,0.445859872611465,0.3184713375796178,0.07643312101910828,0.1592356687898089,1.4,5.833333333333333,4.166666666666667,2.8,0.4681818181818182,0.032857142857142856,0.48857142857142855,0.4785714285714286,0.024,0.394,0.582,0.0,0.18333333333333332,0.8166666666666667,8.310829123853063,5.0,0.5185714285714286,1648,700,160.27539058443347
0.07462985016640485,0.05578062849734433,0.7954496129814967,0.21531103032406462,0.12858429874838972,0.055042377356829396,166,230004,23,4,"PD1,CTLA4",93.83339356172051,0.445859872611465,0.3184713375796178,0.07643312101910828,0.1592356687898089,1.4,5.833333333333333,4.166666666666667,2.8,0.40019224607497594,0.022857142857142857,0.44142857142857145,0.5357142857142857,0.01,0.376,0.614,0.0,0.125,0.875,9.70233448330527,5.0,0.5042857142857143,1249,700,160.27539058443347
0.07462985016640485,0.05578062849734433,0.7954496129814967,0.21531103032406462,0.12858429874838972,0.055042377356829396,166,230003,23,3,CTLA4,174.8364398113957,0.445859872611465,0.3184713375796178,0.07643312101910828,0.1592356687898089,1.4,5.833333333333333,4.166666666666667,2.8,0.4659058487874465,0.04857142857142857,0.5285714285714286,0.4228571428571429,0.028,0.428,0.544,0.0,0.1,0.9,7.743734276592783,4.123105625617661,0.5528571428571428,1633,700,160.27539058443347
0.11127772251073728,0.07741815401553385,0.6821070299974565,0.44563545002142435,0.08581350937281065,0.057431132545676555,163,30002,3,2,PD1,221.5318458357811,0.445859872611465,0.3184713375796178,0.07643312101910828,0.1592356687898089,1.4,5.833333333333333,4.166666666666667,2.8,0.4079696394686907,0.015714285714285715,0.41285714285714287,0.5714285714285714,0.006,0.312,0.682,0.008333333333333333,0.18333333333333332,0.8083333333333333,9.676415306168334,5.91547594742265,0.47285714285714286,1290,700,164.36844915176468
0.11127772251073728,0.07741815401553385,0.6821070299974565,0.44563545002142435,0.08581350937281065,0.057431132545676555,163,30001,3,1,none,166.0390142221527,0.445859872611465,0.3184713375796178,0.07643312101910828,0.1592356687898089,1.4,5.833333333333333,4.166666666666667,2.8,0.4606741573033708,0.04428571428571428,0.52,0.4357142857142857,0.018,0.45,0.532,0.016666666666666666,0.18333333333333332,0.8,8.557792332299272,4.47213595499958,0.5571428571428572,1599,700,164.36844915176468
0.11127772251073728,0.07741815401553385,0.6821070299974565,0.44563545002142435,0.08581350937281065,0.057431132545676555,163,30004,3,4,"PD1,CTLA4",103.45741175206076,0.445859872611465,0.3184713375796178,0.07643312101910828,0.1592356687898089,1.4,5.833333333333333,4.166666666666667,2.8,0.4116907605279698,0.047142857142857146,0.4714285714285714,0.48142857142857143,0.018,0.412,0.57,0.0,0.06666666666666667,0.9333333333333333,9.318058798912475,4.242640687119285,0.5371428571428571,1310,700,164.36844915176468
0.11127772251073728,0.07741815401553385,0.6821070299974565,0.44563545002142435,0.08581350937281065,0.057431132545676555,163,30003,3,3,CTLA4,166.44552479706417,0.445859872611465,0.3184713375796178,0.07643312101910828,0.1592356687898089,1.4,5.833333333333333,4.166666666666667,2.8,0.4524714828897338,0.015714285714285715,0.5142857142857142,0.47,0.024,0.398,0.578,0.0,0.21666666666666667,0.7833333333333333,9.213736574834947,5.0,0.5185714285714286,1547,700,164.36844915176468
0.05674817648316252,0.09923573540820767,0.8555667417625687,0.36527966415155,0.049943108582543,0.054529941229017734,172,180001,18,1,none,170.08897162708658,0.445859872611465,0.3184713375796178,0.07643312101910828,0.1592356687898089,1.4,5.833333333333333,4.166666666666667,2.8,0.48301574150787074,0.06857142857142857,0.5385714285714286,0.39285714285714285,0.032,0.436,0.532,0.0,0.24166666666666667,0.7583333333333333,7.682502014011291,3.605551275463989,0.5814285714285714,1749,700,183.15180510494122
0.05674817648316252,0.09923573540820767,0.8555667417625687,0.36527966415155,0.049943108582543,0.054529941229017734,172,180004,18,4,"PD1,CTLA4",82.03907416517777,0.445859872611465,0.3184713375796178,0.07643312101910828,0.1592356687898089,1.4,5.833333333333333,4.166666666666667,2.8,0.408717624763108,0.02,0.4085714285714286,0.5714285714285714,0.002,0.316,0.682,0.0,0.19166666666666668,0.8083333333333333,10.01730636521133,5.521009528313442,0.4742857142857143,1294,700,183.15180510494122
0.05674817648316252,0.09923573540820767,0.8555667417625687,0.36527966415155,0.049943108582543,0.054529941229017734,172,180003,18,3,CTLA4,192.74561740007925,0.445859872611465,0.3184713375796178,0.07643312101910828,0.1592356687898089,1.4,5.833333333333333,4.166666666666667,2.8,0.47489481065918654,0.025714285714285714,0.5657142857142857,0.4085714285714286,0.026,0.444,0.53,0.0,0.20833333333333334,0.7916666666666666,7.606546167428419,4.123105625617661,0.5628571428571428,1693,700,183.15180510494122
0.05674817648316252,0.09923573540820767,0.8555667417625687,0.36527966415155,0.049943108582543,0.054529941229017734,172,180002,18,2,PD1,287.7335572274212,0.445859872611465,0.3184713375796178,0.07643312101910828,0.1592356687898089,1.4,5.833333333333333,4.166666666666667,2.8,0.4105793450881612,0.04,0.4585714285714286,0.5014285714285714,0.018,0.378,0.604,0.0,0.10833333333333334,0.8916666666666667,9.480611253819891,5.0,0.5271428571428571,1304,700,183.15180510494122
